-- MySQL dump 10.13  Distrib 8.0.13, for Win64 (x86_64)
--
-- Host: localhost    Database: 3309-ham2
-- ------------------------------------------------------
-- Server version	8.0.13

/*!40101 SET @OLD_CHARACTER_SET_CLIENT=@@CHARACTER_SET_CLIENT */;
/*!40101 SET @OLD_CHARACTER_SET_RESULTS=@@CHARACTER_SET_RESULTS */;
/*!40101 SET @OLD_COLLATION_CONNECTION=@@COLLATION_CONNECTION */;
 SET NAMES utf8 ;
/*!40103 SET @OLD_TIME_ZONE=@@TIME_ZONE */;
/*!40103 SET TIME_ZONE='+00:00' */;
/*!40014 SET @OLD_UNIQUE_CHECKS=@@UNIQUE_CHECKS, UNIQUE_CHECKS=0 */;
/*!40014 SET @OLD_FOREIGN_KEY_CHECKS=@@FOREIGN_KEY_CHECKS, FOREIGN_KEY_CHECKS=0 */;
/*!40101 SET @OLD_SQL_MODE=@@SQL_MODE, SQL_MODE='NO_AUTO_VALUE_ON_ZERO' */;
/*!40111 SET @OLD_SQL_NOTES=@@SQL_NOTES, SQL_NOTES=0 */;

--
-- Table structure for table `album`
--

DROP TABLE IF EXISTS `album`;
/*!40101 SET @saved_cs_client     = @@character_set_client */;
 SET character_set_client = utf8mb4 ;
CREATE TABLE `album` (
  `albumID` int(11) NOT NULL AUTO_INCREMENT,
  `date` date DEFAULT NULL,
  `albumCover` varchar(255) DEFAULT NULL,
  `albumName` varchar(255) NOT NULL,
  `genre` varchar(255) NOT NULL,
  PRIMARY KEY (`albumID`),
  UNIQUE KEY `albumID` (`albumID`)
) ENGINE=InnoDB AUTO_INCREMENT=10001 DEFAULT CHARSET=utf8mb4 COLLATE=utf8mb4_0900_ai_ci;
/*!40101 SET character_set_client = @saved_cs_client */;

--
-- Dumping data for table `album`
--

LOCK TABLES `album` WRITE;
/*!40000 ALTER TABLE `album` DISABLE KEYS */;
INSERT INTO `album` VALUES (1,'1933-11-10','spotify:track:5YPMEOJ58kfl56VHxTgwx3','Nothing But the Beat (Ultimate Edition)','rock'),(2,'1978-06-17','spotify:track:3U4isOIWM3VvDubwSI3y7a','Love In The Future (Expanded Edition)','rock'),(3,'1956-12-09','spotify:track:4AcSuOjKDLK1oYjLyQug2Z','Cheap Thrills','rock'),(4,'2009-12-26','spotify:track:2dLLR6qlu5UJ5gk0dKz0h3','Pure Heroine','rock'),(5,'1955-06-03','spotify:track:7K5dzhGda2vRTaAWYI3hrb','Just Like Fire (From the Original Motion Picture Alice Through The Looking Glass\")\"\"\"','rock'),(6,'1975-01-12','spotify:track:27PmvZoffODNFW2p7ehZTQ','Don\'t Mind','rock'),(7,'1974-05-10','spotify:track:7qGRddrzvhUiCkv7Nj5x3I','Another Day In Paradise','rock'),(8,'2015-12-03','spotify:track:7fBv7CLKzipRk6EC6TWHOB','Beauty Behind The Madness','rock'),(9,'1952-03-04','spotify:track:41Fflg7qHiVOD6dEPvsCzO','Reflection (Deluxe)','rock'),(10,'1954-06-25','spotify:track:4G8gkOterJn0Ywt6uhqbhp','Night Visions','rock'),(11,'1935-02-25','spotify:track:7tJSqIjENciFou4pspDjDw','Here And Now','rock'),(12,'1945-07-31','spotify:track:7napRAmwG9VpHM0EknhdGo','All The Right Reasons','rock'),(13,'2011-06-26','spotify:track:0SohKSz9xMIIfpnmy2Piuw','All The Right Reasons','rock'),(14,'1928-07-16','spotify:track:5bfJ5lkZeJpvVek9XVtuHY','If I Was You (I\'d Wanna Be Me Too)','rock'),(15,'2018-11-22','spotify:track:0ltBH1JNzSvQJPjJpvTu9B','Whistle','rock'),(16,'2012-05-04','spotify:track:12VWzyPDBCc8fqeWCAfNwR','Views','rock'),(17,'1963-08-24','spotify:track:275a9yzwGB6ncAW4SxY7q3','Panda','rock'),(18,'1975-05-04','spotify:track:2ZWox3Gc93ofEBQYf1CWHO','Need to Let It Go','rock'),(19,'1978-03-13','spotify:track:0KE2cyqrhHckssEEFIPwpN','I Can\'t Stop the Feeling (When You Keep Dancing)','rock'),(20,'2018-11-22','spotify:track:1mSlftOO1dlDRXAyOE0Sbd','Treat You Better','rock'),(21,'1986-03-03','spotify:track:285HeuLxsngjFn4GGegGNm','Listen','rock'),(22,'2018-08-08','spotify:track:4MxZW1XEcPuIZmkANsJabC','...And Then There Was X','rock'),(23,'1947-10-29','spotify:track:0IKK48xF4eEdfofyaeKWWO','PILLOWTALK','rock'),(24,'1934-06-07','spotify:track:32lmL4vQAAotg6MrJnhlQZ','ANTI','rock'),(25,'1993-03-04','spotify:track:4vS8VaBwJJV5Ry7UFIQuoo','Peace Is The Mission','rock'),(26,'1950-01-14','spotify:track:5jrdCoLpJSvHHorevXBATy','PRISM (Deluxe)','rock'),(27,'1940-02-03','spotify:track:32OlwWuMpZ6b0aN2RZOeMS','Uptown Special','rock'),(28,'1941-08-27','spotify:track:2tJulUYLDKOg9XrtVkMgcJ','Doo-Wops & Hooligans','rock'),(29,'1938-09-10','spotify:track:7wqSzGeodspE3V6RBD5W8L','See You Again (feat. Charlie Puth)','rock'),(30,'1969-06-07','spotify:track:64j3Bd62HTe0pclk8Aq9BE','Motion','rock'),(31,'1999-02-05','spotify:track:1OAYKfE0YdrN7C1yLWaLJo','Ali','rock'),(32,'1939-02-25','spotify:track:22VdIZQfgXJea34mQxlt81','Beauty Behind The Madness','rock'),(33,'2008-12-04','spotify:track:0obBFrPYkSoBJbvHfUIhkv','Sorry For Party Rocking (Deluxe Version)','rock'),(34,'2011-05-17','spotify:track:4tCtwWceOPWzenK2HAIJSb','7/27 (Deluxe)','rock'),(35,'1988-05-12','spotify:track:4UzVcXufOhGUwF56HT7b8M','Fallen','rock'),(36,'1988-06-14','spotify:track:3bidbhpOYeV4knp8AIu8Xn','The Heist','rock'),(37,'1994-09-08','spotify:track:4QNpBfC0zvjKqPJcyqBy9W','Planet Pit (Deluxe Version)','rock'),(38,'1928-09-20','spotify:track:0AUIjHlr9KfbVoemhhxHS6','Yeah 3x','rock'),(39,'1961-11-01','spotify:track:7ks6AZmFcm3Y6PGGxGSmlB','Nothing But the Beat (Ultimate Edition)','rock'),(40,'1955-06-12','spotify:track:1CmUZGtH29Kx36C1Hleqlz','Thrift Shop (feat. Wanz)','rock'),(41,'2018-11-22','spotify:track:6i0V12jOa3mr6uu4WYhUBr','Heathens','rock'),(42,'1966-11-06','spotify:track:4dASQiO1Eoo3RJvt74FtXB','Sucker For Pain (with Logic & Ty Dolla $ign feat. X Ambassadors)','rock'),(43,'2006-12-09','spotify:track:72xvRETEsd5hS1RfduciRi','Let Me Hold You (Turn Me On)','rock'),(44,'2018-11-22','spotify:track:1ivuWgxFQb2xzxVNSlB1hF','Amsterdam Twerk Music','rock'),(45,'2003-03-01','spotify:track:1W7zkKgRv9mrLbfdQ8XyH3','Suicide Squad: The Album','rock'),(46,'2014-02-26','spotify:track:5ChkMS8OtdzJeqyybCc9R5','Thriller 25 Super Deluxe Edition','rock'),(47,'2008-04-28','spotify:track:1OOtq8tRnDM8kG2gqUPjAj','Thriller 25 Super Deluxe Edition','rock'),(48,'1947-10-22','spotify:track:43G2Go5tmms3DjC2qdKCD0','Ghaltana','rock'),(49,'1961-04-25','spotify:track:0FE9t6xYkqWXU2ahLh6D8X','Shape of You','rock'),(50,'1977-10-19','spotify:track:37F0uwRSrdzkBiuj0D5UHI','Starboy','rock'),(51,'1962-06-09','spotify:track:52yOf7Ls1u5AO3cFIzQ58m','Cold','rock'),(52,'2018-11-22','spotify:track:6mmtxbG5pzkrJ0BrSdg9uW','Shock Value II','rock'),(53,'1991-12-24','spotify:track:2E9wKgL8NN7Tvydqcjoh7v','Gimme Some Truth','rock'),(54,'1944-01-08','spotify:track:7pKfPomDEeI4TPT6EOYjn9','Imagine','rock'),(55,'2008-10-31','spotify:track:3D9iV6cYkYJRAPFO6DRKIE','Imagine','rock'),(56,'1979-02-18','spotify:track:2ZbFPXkcaYPq3tu1mLJkjk','Power To The People - The Hits','rock'),(57,'1980-01-13','spotify:track:3ntrdR24dLkKrzSGRv1FlH','Rock \'N\' Roll','rock'),(58,'1928-11-03','spotify:track:3QmUhaY5KZiOuaUH8H71LG','Mind Games','rock'),(59,'1957-03-10','spotify:track:2B00MZNljOitCgetHiNcxf','Meet Me','rock'),(60,'1941-04-09','spotify:track:7pkF4Ps6LstSsAFt2SlAMK','Watch Me Fall','rock'),(61,'1995-03-04','spotify:track:6WLS56xiRrXjSm9RSdL3zD','Never Forget You','rock'),(62,'1972-10-06','spotify:track:1i1fxkWeaMmKEB4T7zqbzK','Don\'t Let Me Down','rock'),(63,'1990-06-30','spotify:track:5yuShbu70mtHXY0yLzCQLQ','Stoney (Deluxe)','rock'),(64,'1947-02-26','spotify:track:62r62ArmWq38cu6QCVgyTc','The College Dropout','rock'),(65,'1944-06-03','spotify:track:5ByAIlEEnxYdvpnezg7HTX','Ready To Die The Remaster','rock'),(66,'2012-01-25','spotify:track:0i1MYEhY389gOGq7G4QCot','Sorry, Blame It On Me','rock'),(67,'2018-11-22','spotify:track:6tDxrq4FxEL2q15y37tXT9','Me Against The World','rock'),(68,'2018-11-22','spotify:track:6ls5ulRydoPE7oWGPGBqFA','Trouble','rock'),(69,'1928-12-23','spotify:track:4xkOaSrkexMciUUogZKVTS','The Eminem Show','rock'),(70,'2014-07-17','spotify:track:5Z01UMMf7V1o0MzF86s6WJ','Curtain Call (Deluxe)','rock'),(71,'2002-06-21','spotify:track:7Ie9W94M7OjPoZVV216Xus','Recovery','rock'),(72,'2011-08-21','spotify:track:18TtVZgD09HpU7lUXR0kPI','Curtain Call: The Hits','rock'),(73,'2000-02-22','spotify:track:4UhUXGXEeq3mPJyzZkx9fY','Eminem Presents The Re-Up','rock'),(74,'1946-11-18','spotify:track:4RY96Asd9IefaL3X4LOLZ8','Get Rich Or Die Tryin\'','rock'),(75,'2018-11-22','spotify:track:40riOy7x9W7GXjyGp4pjAv','Hotel California (Remastered)','rock'),(76,'1935-11-22','spotify:track:3QlZ8PEvNF9SM9aaJiQcGa','Lungs: The B-Sides','rock'),(77,'2018-11-22','spotify:track:3bENrkfntz1ugrsi8yzT9C','Lungs (Deluxe Edition)','rock'),(78,'2018-11-22','spotify:track:0ON9Vv9h13Ybip36zYl1ka','Ceremonials','rock'),(79,'1986-12-22','spotify:track:71wLBK2oRASf7yjVtjbjSj','Dancing Hits','rock'),(80,'1999-01-14','spotify:track:722tgOgdIbNe3BEyLnejw4','Updated','rock'),(81,'1971-01-05','spotify:track:0d86alL9LUa45VYX2dI3xi','Prolongations','rock'),(82,'1990-11-05','spotify:track:6KTAYZnvhp9Cg7rK08v3kn','Prolongations','rock'),(83,'1949-06-13','spotify:track:2wqaekenSQZm7hxQOYt8oE','Am I Wrong','rock'),(84,'1994-06-17','spotify:track:503OTo2dSqe7qk76rgsbep','2001','rock'),(85,'1956-04-18','spotify:track:5HQVUIKwCEXpe7JIHyY734','Young, Wild & Free (feat. Bruno Mars)','rock'),(86,'1987-08-31','spotify:track:4LwU4Vp6od3Sb08CsP99GC','2001','rock'),(87,'1978-11-03','spotify:track:6CQvp8i7WH6uN4GsxU0P0b','Greatest Hits','rock'),(88,'1961-01-20','spotify:track:0KKkJNfGyhkQ5aFogxQAPU','24K Magic','rock'),(89,'2018-11-22','spotify:track:2kulOHR2XY6YDZCWXb38hn','Thriller 25 Super Deluxe Edition','rock'),(90,'2018-04-02','spotify:track:1pKeFVVUOPjFsOABub0OaV','Dangerous Woman','rock'),(91,'1935-09-26','spotify:track:5dTJMpqiELczVuHJP3OAEu','This Town','rock'),(92,'2002-08-18','spotify:track:7MXVkk9YMctZqd1Srtv4MB','Starboy','rock'),(93,'1992-07-16','spotify:track:4F7A0DXBrmUAkp32uenhZt','Starboy','rock'),(94,'1972-12-22','spotify:track:5knuzwU65gJK7IF5yJsuaW','Rockabye (feat. Sean Paul & Anne-Marie)','rock'),(95,'1961-04-11','spotify:track:2dR5WkrpwylTuT3jRWNufa','Ultimate Sinatra','rock'),(96,'2017-10-04','spotify:track:71QDMjqxSXYBiCQeZtJkPf','Music From The Motion Picture Ocean\'s Thirteen (Standard Version)','rock'),(97,'2018-08-04','spotify:track:2U2ej55JYqsDuUhAxvSIq9','SEX AND LOVE (Deluxe)','rock'),(98,'1968-07-27','spotify:track:6YZdkObH88npeKrrkb8Ggf','DUELE EL CORAZON','rock'),(99,'1952-03-27','spotify:track:2a1o6ZejUi8U3wzzOtCOYw','Meet The Orphans','rock'),(100,'1969-10-09','spotify:track:7CUYHcu0RnbOnMz4RuN07w','Despacito (Featuring Daddy Yankee)','rock'),(101,'2018-11-22','spotify:track:6rPO02ozF3bM7NnOV4h6s2','Despacito Feat. Justin Bieber (Remix)','rock'),(102,'1961-10-13','spotify:track:4LI2tMzmKd90VO5Xukb428','Naskha Mennik','rock'),(103,'1951-07-12','spotify:track:0e1hBKvYdjzayEDYb1JXDl','Wedding Songs Arabic','rock'),(104,'2002-09-20','spotify:track:5nc9xRxvSiQtzx4qL5WezA','Splendor Songs','rock'),(105,'2012-06-05','spotify:track:2Vdub5mY4lad7w64bFPUez','Hey Ma (with Pitbull & J Balvin feat. Camila Cabello) [Spanish Version]','rock'),(106,'1950-03-21','spotify:track:7e5z8Set6bsGDh8KIsZnoX','Revenge Of The Dreamers II','rock'),(107,'2010-08-24','spotify:track:6c7ggjWMidB7QSi9dAEZZC','Best Of 50 Cent','rock'),(108,'1982-08-20','spotify:track:2A82uxGSVZkGI4Z4onKAb4','Best Of 50 Cent','rock'),(109,'2018-11-22','spotify:track:3gDdXWdZiESxs7OlMYWpYP','Best Of 50 Cent','rock'),(110,'1956-03-15','spotify:track:74jBzIOqDzIF9NdMKvuX2W','Best Of 50 Cent','rock'),(111,'2018-11-22','spotify:track:1iFOLxQ76J9oorSL2Ggdnl','Best Of 50 Cent','rock'),(112,'1961-06-17','spotify:track:0c7ec19W1r6eqpqOsbOjkt','Best Of 50 Cent','rock'),(113,'2010-02-17','spotify:track:4GaDNcMkhlTYepaxhWeiBg','Best Of 50 Cent','rock'),(114,'2018-11-22','spotify:track:7znBidTf2qy8t4YazPIDNY','Best Of 50 Cent','rock'),(115,'2018-11-22','spotify:track:1h94LY0j11EzfoZMl1HPfc','Best Of 50 Cent','rock'),(116,'2018-11-22','spotify:track:6P67bhO3fg7AlNcekn4YxR','Best Of 50 Cent','rock'),(117,'1978-01-09','spotify:track:63KggXwM6p9Oh5CV5NqgyZ','Best Of 50 Cent','rock'),(118,'1982-03-24','spotify:track:1H65vMZ2sZ9t6OO2pAyRb6','Best Of 50 Cent','rock'),(119,'2000-07-24','spotify:track:5ZDJac73cvW46kmikFtIat','Best Of 50 Cent','rock'),(120,'1950-03-21','spotify:track:5sdeavcl6rEV9p9mzjZgas','Best Of 50 Cent','rock'),(121,'1980-03-10','spotify:track:2hoPWvGlJGXsGpUbAdUC3O','Best Of 50 Cent','rock'),(122,'1966-06-18','spotify:track:0SdlmEkPi6reKFBENS7OnJ','Best Of 50 Cent','rock'),(123,'2012-02-01','spotify:track:3c8UgBfzI4ButXHQFQ3OuQ','Best Of 50 Cent','rock'),(124,'2005-08-14','spotify:track:4Fi63CctpxUy2ZWXIcn3TD','Best Of 50 Cent','rock'),(125,'1994-10-20','spotify:track:6ucR4KfvsBFWCMVFDvyKKl','Shock Value','rock'),(126,'1944-08-16','spotify:track:3M7Ab3IGSb7vNoLWqDbXVF','Back To Bedlam','rock'),(127,'2010-01-14','spotify:track:4VR4fPG6veFtEVUDzJ9VJE','Freedom','rock'),(128,'1959-07-26','spotify:track:1ti43ZT6bc4o1eGOSnBHkO','Into the Sun','rock'),(129,'1931-08-15','spotify:track:5PfTI3zrQbZEWcQdycMqJM','Gang Up (with Young Thug, 2 Chainz & Wiz Khalifa feat. PnB Rock)','rock'),(130,'1927-06-17','spotify:track:5vDaJGmMI4wSBDxlgp23iQ','Rawae\'a Sabah Fakhri','rock'),(131,'1982-12-17','spotify:track:7iaw359G2XT14uTfV9feip','Lockjaw','rock'),(132,'2017-07-12','spotify:track:7JJmb5XwzOO8jgpou264Ml','Illuminate (Deluxe)','rock'),(133,'2018-11-22','spotify:track:6V2D8Lls36APk0THDjBDfE','Nothing Was The Same (Deluxe)','rock'),(134,'1963-11-08','spotify:track:3fjmSxt0PskST13CSdBUFx','Meteora (Bonus Track Version)','rock'),(135,'1952-03-29','spotify:track:7eR07ixhbLBIfCq24yQBCO','Neon Future Odyssey','rock'),(136,'2017-12-19','spotify:track:0T7fLoDpZcSFYybJ3xXtgd','Reanimation','rock'),(137,'1972-10-12','spotify:track:7dyluIqv7QYVTXXZiMWPHW','Collision Course (Deluxe Version)','rock'),(138,'1969-08-25','spotify:track:6xtQ23d8GEXgcxyUKPtwc5','Hybrid Theory (Bonus Track Version)','rock'),(139,'1928-11-07','spotify:track:2oNYsdCasRRlz1shXFAz7D','LIVING THINGS','rock'),(140,'2003-11-04','spotify:track:2n1jBz26dVBtSbMvJNjGsu','The Hunting Party','rock'),(141,'1992-10-26','spotify:track:5bvgRxco3jgSZ3SP8rueDA','A Thousand Suns','rock'),(142,'1929-03-12','spotify:track:6Wx88Mv6b9ofjKMKkdwOJd','Transformers: Revenge Of The Fallen The Album','rock'),(143,'2018-11-22','spotify:track:5rAxhWcgFng3s570sGO2F8','Hybrid Theory (Bonus Track Version)','rock'),(144,'1940-07-29','spotify:track:5egqKwgK5r5rvGD1LrtR7J','Hybrid Theory (Bonus Track Version)','rock'),(145,'1983-06-29','spotify:track:1r1fPuhj9H4VdXr7OK6FL5','LIVING THINGS','rock'),(146,'2018-11-22','spotify:track:650OeHTLxZAQmb4aEbGmaA','One More Light','rock'),(147,'1952-09-02','spotify:track:0UFDKFqW2oGspYeYqo9wjA','Minutes To Midnight (Explicit Version)','rock'),(148,'2018-11-22','spotify:track:5JHNg1hxZFT7TDEphhM4wj','A Thousand Suns','rock'),(149,'1948-03-22','spotify:track:697M5JB8FDIyRXEXgl1pBZ','Meteora (Bonus Track Version)','rock'),(150,'2012-01-12','spotify:track:34isqXjbTstbYwl2MfdzDq','One More Light','rock'),(151,'1991-11-25','spotify:track:7nAfXgeHfDO50upcOjJOaq','One More Light','rock'),(152,'1995-09-15','spotify:track:7oVEtyuv9NBmnytsCIsY5I','LIVING THINGS','rock'),(153,'1999-12-18','spotify:track:18lR4BzEs7e3qzc0KVkTpU','Minutes To Midnight (Explicit Version)','rock'),(154,'2018-11-22','spotify:track:3K4HG9evC7dg3N0R9cYqk4','Hybrid Theory (Bonus Track Version)','rock'),(155,'2006-12-28','spotify:track:57BrRMwf9LrcmuOsyGilwr','Hybrid Theory (Bonus Track Version)','rock'),(156,'2008-05-03','spotify:track:7AB0cUXnzuSlAnyHOqmrZr','Meteora (Bonus Track Version)','rock'),(157,'1991-10-15','spotify:track:60a0Rd6pjrkxjPbaKzXjfq','Hybrid Theory (Bonus Track Version)','rock'),(158,'1958-05-14','spotify:track:104buTcnP2AsxqB7U1FIZ4','One More Light','rock'),(159,'1954-12-04','spotify:track:0PXp9QxBfSKGGpWUNaws2X','Exis','rock'),(160,'1974-04-16','spotify:track:3bRXh8nwGXeL7WEl0stG9q','Ma Wadaatak','rock'),(161,'1961-05-21','spotify:track:0angRYlyz0zVZrwSBTA8EN','Best of Rotana','rock'),(162,'1949-10-01','spotify:track:2P7ZHA3rIxoeuskYs6NJJn','Done Da Da','rock'),(163,'1935-04-20','spotify:track:0k2GOhqsrxDTAbFFSdNJjT','The Trinity','rock'),(164,'1999-07-29','spotify:track:4iLqG9SeJSnt0cSPICSjxv','Attention','rock'),(165,'2015-12-05','spotify:track:0tKcYR2II1VCQWT79i5NrW','Evolve','rock'),(166,'2006-02-23','spotify:track:1Vb4HQnN2kZ5Y2KgYF5TDV','No Lie','rock'),(167,'1960-03-12','spotify:track:6diFcq4UcYDlBeRVqOCWY1','Elephunk','rock'),(168,'1928-01-11','spotify:track:6btyEL6NwUa97Nex9cZFvo','Monkey Business','rock'),(169,'1954-06-28','spotify:track:7CiS6ZX1Acw2Pl6Au36AD2','Elephunk','rock'),(170,'1943-06-19','spotify:track:6Rb0ptOEjBjPPQUlQtQGbL','Pitbull Starring In Rebelution','rock'),(171,'1949-04-25','spotify:track:3rMvZwGuSEWqhPVXdPkUP3','Ya Samt','rock'),(172,'1980-04-07','spotify:track:2Dz7tYyOAhkS0LQfPfNWqx','Toul Al Yom','rock'),(173,'2018-11-22','spotify:track:1AuokUtFSc5OROpRaVEYhw','Toul Al Yom','rock'),(174,'2018-11-22','spotify:track:3a9sgy7ayd04aCrGZNm40w','Toul Al Yom','rock'),(175,'1975-10-18','spotify:track:4PVm8e67skz8B8wiJP2kwk','New Thang','rock'),(176,'2004-03-03','spotify:track:28AV0oqEChWWOHbWmwbNng','Coke Boys (Deluxe Collectors Edition)','rock'),(177,'1960-03-03','spotify:track:7pAvPHGoTku365EFfoM6SD','Can I Get A Witness','rock'),(178,'2018-11-22','spotify:track:5h2TALUWTh66rr4bKueusj','Problems','rock'),(179,'2002-02-05','spotify:track:7C86DVl6REN8VPeGEMOf9q','Dutty Rock','rock'),(180,'2018-11-22','spotify:track:3DXncPQOG4VBw3QHh3S817','Grateful','rock'),(181,'2002-02-24','spotify:track:1OAh8uOEOvTDqkKFsKksCi','Grateful','rock'),(10000,'2017-08-02',NULL,'Ham','POP');
/*!40000 ALTER TABLE `album` ENABLE KEYS */;
UNLOCK TABLES;

--
-- Table structure for table `artist`
--

DROP TABLE IF EXISTS `artist`;
/*!40101 SET @saved_cs_client     = @@character_set_client */;
 SET character_set_client = utf8mb4 ;
CREATE TABLE `artist` (
  `artistID` int(11) NOT NULL,
  `artistName` text,
  `age` int(11) DEFAULT NULL,
  `nationality` text,
  PRIMARY KEY (`artistID`)
) ENGINE=InnoDB DEFAULT CHARSET=utf8mb4 COLLATE=utf8mb4_0900_ai_ci;
/*!40101 SET character_set_client = @saved_cs_client */;

--
-- Dumping data for table `artist`
--

LOCK TABLES `artist` WRITE;
/*!40000 ALTER TABLE `artist` DISABLE KEYS */;
INSERT INTO `artist` VALUES (1,'Casual',20,'American'),(2,'The Box Tops',20,'American'),(3,'Sonora Santanera',20,'American'),(4,'Adam Ant',20,'American'),(5,'Gob',20,'American'),(6,'Jeff And Sheri Easter',20,'American'),(7,'Rated R',20,'American'),(8,'Tweeterfriendly Music',20,'American'),(9,'Planet P Project',20,'American'),(10,'Clp',20,'American'),(11,'JennyAnyKind',20,'American'),(12,'Wayne Watson',20,'American'),(13,'Andy Andy',20,'American'),(14,'Bob Azzam',20,'American'),(15,'Lionel Richie',20,'American'),(16,'Blue Rodeo',20,'American'),(17,'Richard Souther',20,'American'),(18,'Faiz Ali Faiz',20,'American'),(19,'Tesla',20,'American'),(20,'lextrical',20,'American'),(21,'Jimmy Wakely',20,'American'),(22,'Alice Stuart',20,'American'),(23,'Elena',20,'American'),(24,'The Dillinger Escape Plan',20,'American'),(25,'SUE THOMPSON',20,'American'),(26,'Five Bolt Main',20,'American'),(27,'Clp',20,'American'),(28,'Tim Wilson',20,'American'),(29,'Willie Bobo',20,'American'),(30,'Faye Adams',20,'American'),(31,'Terry Callier',20,'American'),(32,'John Wesley',20,'American'),(33,'The Shangri-Las',20,'American'),(34,'Billie Jo Spears',20,'American'),(35,'Mike Jones (Featuring CJ_ Mello & Lil\' Bran)',20,'American'),(36,'Sierra Maestra',20,'American'),(37,'Butthole Surfers',20,'American'),(38,'Despina Vandi',20,'American'),(39,'Javier Navarrete',20,'American'),(40,'Jacob Young',20,'American'),(41,'Scarlet\'s Remains',20,'American'),(42,'The Suicide Machines',20,'American'),(43,'The Rolling Stones',20,'American'),(44,'Roberto Torres',20,'American'),(45,'Loudon Wainwright III',20,'American'),(46,'R.L. Burnside',20,'American'),(47,'Stevie Ray Vaughan',20,'American'),(48,'John Hammond',20,'American'),(49,'Casiotone For The Painfully Alone',20,'American'),(50,'Ec8or',20,'American'),(51,'The New York Dolls',20,'American'),(52,'Eliane Elias',20,'American'),(53,'Lost Boyz',20,'American'),(54,'The Germs',20,'American'),(55,'Yamandu Costa',20,'American'),(56,'Chris Rea',20,'American'),(57,'Perrey And Kingsley',20,'American'),(58,'Eurythmics',20,'American'),(59,'Francis Dunnery',20,'American'),(60,'John Cale',20,'American'),(61,'Suzanne Ciani',20,'American'),(62,'Vickie Winans',20,'American'),(63,'The Berzerker',20,'American'),(64,'Kings Of Leon',20,'American'),(65,'Edith Lefel',20,'American'),(66,'Taras',20,'American'),(67,'NOFX',20,'American'),(68,'Murskahumppa',20,'American'),(69,'Soda Stereo',20,'American'),(70,'Bruce Rowland',20,'American'),(71,'Xcultures',20,'American'),(72,'White Heart',20,'American'),(73,'Heavy D / McGruff',20,'American'),(74,'Van Halen',20,'American'),(75,'Black Eyed Peas',20,'American'),(76,'Nine Inch Nails',20,'American'),(77,'Nick Cave & The Bad Seeds',20,'American'),(78,'Nadine Renee',20,'American'),(79,'Lesley Gore',20,'American'),(80,'Smartbomb',20,'American'),(81,'Suburbs',20,'American'),(82,'Emperor',20,'American'),(83,'Julien Clerc',20,'American'),(84,'Glen Campbell',20,'American'),(85,'T.G. Sheppard',20,'American'),(86,'Slim Whitman',20,'American'),(87,'Savage Garden',20,'American'),(88,'Queens Of The Stone Age',20,'American'),(89,'Hank Penny & The Lincoln Penny Orchestra',20,'American'),(90,'Inspiral Carpets',20,'American'),(91,'Borialis',20,'American'),(92,'The Dirty Skirts',20,'American'),(93,'Flor Silvestre',20,'American'),(94,'BA(c)zu',20,'American'),(95,'Redman',20,'American'),(96,'Solistiyhtye Suomi',20,'American'),(97,'Eddie Cantor',20,'American'),(98,'Schizoid',20,'American'),(99,'Kai Winding',20,'American'),(100,'Sonny Simmons',20,'American'),(101,'Mira',20,'American'),(102,'Citizen Kaned',20,'American'),(103,'The Brooklyn Tabernacle Choir',20,'American'),(104,'Ellen McIlwaine',20,'American'),(105,'Vince Guaraldi / Bola Sete',20,'American'),(106,'Maurice Chevalier',20,'American'),(107,'Carl Cox Vs Yousef',20,'American'),(108,'Organized Konfusion',20,'American'),(109,'Martina McBride',20,'American'),(110,'Horace Andy',20,'American'),(111,'Nazz',20,'American'),(112,'Tyrone Davis',20,'American'),(113,'Hot Tuna',20,'American'),(114,'Richard Burton',20,'American'),(115,'Rory Block',20,'American'),(116,'Boyz II Men',20,'American'),(117,'Howard Armstrong',20,'American'),(118,'Donny Hathaway',20,'American'),(119,'Miguel Gallardo',20,'American'),(120,'Les Ogres De Barback',20,'American'),(121,'DJ X-Change featuring DJ Joey A',20,'American'),(122,'Morel',20,'American'),(123,'Tony Joe White',20,'American'),(124,'Wolfmother',20,'American'),(125,'The Roches',20,'American'),(126,'Bob Margolin',20,'American'),(127,'Thomas Battenstein',20,'American'),(128,'Jupiter Rising',20,'American'),(129,'Dharma Bums',20,'American'),(130,'Saafir',20,'American'),(131,'The Verve Pipe',20,'American'),(132,'Bob Neuwirth',20,'American'),(133,'Marvin Sapp',20,'American'),(134,'James Hunter',20,'American'),(135,'Nelson Ned',20,'American'),(136,'Mish Mash',20,'American'),(137,'Cama',20,'American'),(138,'Maxi Priest',20,'American'),(139,'Porcupine Tree',20,'American'),(140,'Ragheb Alama',20,'American'),(141,'Foo Fighters',20,'American'),(142,'Shakira Featuring Wyclef Jean',20,'American'),(143,'The Avengers',20,'American'),(144,'Robben Ford',20,'American'),(145,'Brazilian Tropical Orchestra',20,'American'),(146,'Gil Semedo',20,'American'),(147,'Soda Stereo',20,'American'),(148,'Xmilk',20,'American'),(149,'Dolce; Oscar G.',20,'American'),(150,'Britt Nicole',20,'American'),(151,'Schizoid',20,'American'),(152,'Toni Braxton Featuring Shaggy',20,'American'),(153,'Perrey And Kingsley',20,'American'),(154,'Sven Tasnadi',20,'American'),(155,'Eddie',20,'American'),(156,'Enthroned',20,'American'),(157,'Suzanne Ciani',20,'American'),(158,'Milan Band',20,'American'),(159,'Johnny Osbourne',20,'American'),(160,'Dolly Parton',20,'American'),(161,'Rance Allen Group',20,'American'),(162,'Pearl Jam',20,'American'),(163,'Natalie Cole',20,'American'),(164,'Mastodon',20,'American'),(165,'Kiril Valeri',20,'American'),(166,'Word',20,'American'),(167,'DJ Quik',20,'American'),(168,'Hank Locklin',20,'American'),(169,'BT',20,'American'),(170,'2-4 Grooves feat. Reki D.',20,'American'),(171,'The Jordanaires',20,'American'),(172,'Descendents',20,'American'),(173,'L.A. Guns',20,'American'),(174,'Bare Jr.',20,'American'),(175,'Shelley Fabares',20,'American'),(176,'Norrie Paramor',20,'American'),(177,'Gary Hobbs',20,'American'),(178,'Diesel Boy',20,'American'),(179,'Angelo Badalamenti',20,'American'),(180,'Neil Sedaka',21,'American'),(181,'Maurice Larcange',22,'American'),(182,'A Static Lullaby',23,'American'),(183,'John Wesley_ John Wesley',24,'American'),(184,'Coph Nia',25,'American'),(185,'Tabu feat. Mitzib',26,'American'),(186,'Nights Like These',27,'American'),(187,'Oasis',28,'American'),(188,'John Davis & Emma Doyle',29,'American'),(189,'Stew',30,'American'),(190,'Jauida',31,'American'),(191,'Eddy Arnold',32,'American'),(192,'All Time Low',33,'American'),(193,'Brian Dullaghan',34,'American'),(194,'Richard Galliano',35,'American'),(195,'Regina Belle',36,'American'),(196,'Debbie Davies',37,'American'),(197,'STEVE CAMP',38,'American'),(198,'Jay Tee & Baby Bash',39,'American'),(199,'The Stolen Minks',40,'American'),(200,'Daath',41,'American'),(201,'Extasick',42,'American'),(202,'UFO',43,'American'),(203,'Avril - Remix By Ana Rago',44,'American'),(204,'Pat Travers',45,'American'),(205,'SNOWPATROL',46,'American'),(206,'Die Fantastischen Vier',47,'American'),(207,'Jeanie Lambe & The Danny Moss Quartet',48,'American'),(208,'Nelson Ned',49,'American'),(209,'Yung Joc',50,'American'),(210,'Philippe Sarde',51,'American'),(211,'Orquesta AragA3n',52,'American'),(212,'Jason Miles',53,'American'),(213,'State of Chaos',54,'American'),(214,'Dropkick Murphys',55,'American'),(215,'Taint',56,'American'),(216,'VHS Or Beta',57,'American'),(217,'Leonard Kwan',58,'American'),(218,'True Believers',59,'American'),(219,'Les Hurlements D\'leo',60,'American'),(220,'Charanga Forever',61,'American'),(221,'Zuzu Bollin',62,'American'),(222,'Bullet For My Valentine',63,'American'),(223,'The Hit Factory',64,'American'),(224,'Terry Snyder',65,'American'),(225,'Marcus Miller',66,'American'),(226,'Beatnuts',67,'American'),(227,'Ayo',68,'American'),(228,'Kid Sister',69,'American'),(229,'Mons Leidvin Takle',70,'American'),(230,'Public Image Ltd',71,'American'),(231,'Rise Against',72,'American'),(232,'Sizzla',73,'American'),(233,'Richard Galliano',74,'American'),(234,'Helen Love',75,'American'),(235,'David Mingyue Liang',76,'American'),(236,'Pursuit Of Happiness',77,'American'),(237,'Bobby Hutcherson',78,'American'),(238,'Gregory Isaacs',79,'American'),(239,'The Pharcyde',80,'American'),(240,'Azis',81,'American'),(241,'Amy Winehouse',82,'American'),(242,'George Lopez',83,'American'),(243,'Les Hou-Lops',84,'American'),(244,'The Cosmosamatics',85,'American'),(245,'Jackie Edwards',86,'American'),(246,'Michael Card',87,'American'),(247,'Richard Galliano',88,'American'),(248,'Ensiferum',89,'American'),(249,'Leila Chicot',90,'American'),(250,'The Pharcyde / Big Boy / Schmooche Cat / Randy Mack',91,'American'),(251,'Erkki Junkkarinen',92,'American'),(252,'A Static Lullaby',93,'American'),(253,'Scar Symmetry',94,'American'),(254,'Oztara',95,'American'),(255,'Sonia Dersion',96,'American'),(256,'Christina Aguilera',97,'American'),(257,'Headhunter',98,'American'),(258,'Eighteen Visions',99,'American'),(259,'Baby Huey & The Baby Sitters',100,'American'),(260,'Elmore James',101,'American'),(261,'Rising Lion',102,'American'),(262,'George Harrison',103,'American'),(263,'Weezer',104,'American'),(264,'Rodney O & Joe Cooley',105,'American'),(265,'Boots Randolph',106,'American'),(266,'Jackson United',107,'American'),(267,'The Cosmosamatics',108,'American'),(268,'Bobbie Gentry',109,'American'),(269,'Creedence Clearwater Revived',110,'American'),(270,'The Johnny Otis Orchestra',111,'American'),(271,'B.A.D.',112,'American'),(272,'Luar Na Lubre',113,'American'),(273,'Circular',114,'American'),(274,'Fruko Y Sus Tesos',115,'American'),(275,'The Bucketheads',116,'American'),(276,'The Police',117,'American'),(277,'Kinky',118,'American'),(278,'The Real Kids',119,'American'),(279,'Eddie Boyd',120,'American'),(280,'Tha Chamba',121,'American'),(281,'Jack Orsen & Taktlo$$',122,'American'),(282,'Olov Johansson_ Catriona Mckay',123,'American'),(283,'Shriekback',124,'American'),(284,'Hatebreed',125,'American'),(285,'John Frizzell',126,'American'),(286,'Sister Hazel',127,'American'),(287,'J.J. Cale',128,'American'),(288,'Precious Bryant',129,'American'),(289,'Kings Of Leon',130,'American'),(290,'Selena',131,'American'),(291,'Brooke Valentine',132,'American'),(292,'Krystof',133,'American'),(293,'Claire Hamill',134,'American'),(294,'Los Originales De San Juan',135,'American'),(295,'Black Flag',136,'American'),(296,'Barbarito Diez',137,'American'),(297,'Aaron Watson',138,'American'),(298,'Mary Black',139,'American'),(299,'Satan\'s Host',140,'American'),(300,'The Impressions',141,'American'),(301,'Owl City',142,'American'),(302,'Bobby Bland',143,'American'),(303,'Headliners',144,'American'),(304,'Jane Winther',145,'American'),(305,'The Rascals',146,'American'),(306,'Blind Blake',147,'American'),(307,'Emilia',148,'American'),(308,'CA3mplices',149,'American'),(309,'Emilio',150,'American'),(310,'Nana Caymmi',151,'American'),(311,'Kasia Stankiewicz',152,'American'),(312,'Turisas',153,'American'),(313,'ChA(c)co Feliciano And Joe King',154,'American'),(314,'Cache Cache',155,'American'),(315,'David Hudson',156,'American'),(316,'David Summers',157,'American'),(317,'Rummage',158,'American'),(318,'Adr Lavey',159,'American'),(319,'Bill Boyd\'s Cowboy Ramblers',160,'American'),(320,'Canis Dirus',161,'American'),(321,'Vickie Winans',162,'American'),(322,'Justin',163,'American'),(323,'La Portuaria',164,'American'),(324,'Antonis Remos',165,'American'),(325,'Percy Faith And His Orchestra',166,'American'),(326,'Stars Like Fleas',167,'American'),(327,'Gaetano Donizetti',168,'American'),(328,'Shakira',169,'American'),(329,'Maysa',170,'American'),(330,'Little Freddie King',171,'American'),(331,'Ms. Dynamite',172,'American'),(332,'Andy Russell',173,'American'),(333,'Blink-182',174,'American'),(334,'Selena',175,'American'),(335,'Kali',176,'American'),(336,'Vickie Winans',177,'American'),(337,'John Brown',178,'American'),(338,'Abysmal Dawn',179,'American'),(339,'Chaotica',180,'American'),(340,'Lara & The Gumbo Lickers',181,'American'),(341,'Elvin Bishop',182,'American'),(342,'Gordon Jenkins',183,'American'),(343,'1. Futurologischer Congress',184,'American'),(344,'Asleep At The Wheel',185,'American'),(345,'Neil Innes',186,'American'),(346,'Marcus Miller',187,'American'),(347,'Siouxsie',188,'American'),(348,'Claire Hamill',189,'American'),(349,'Alan Silvestri',190,'American'),(350,'Sunnyland Slim',191,'American'),(351,'Byther Smith',192,'American'),(352,'Dusminguet',193,'American'),(353,'Rudolph Valentino',194,'American'),(354,'Sylvia Patricia',195,'American'),(355,'Zeromancer',196,'American'),(356,'Regina Belle',197,'American'),(357,'Two Man Advantage',198,'American'),(358,'Green Day',199,'American'),(359,'Ayo',200,'American'),(360,'Donny Hathaway',201,'American'),(361,'Chico',202,'American'),(362,'KALIMBA',203,'American'),(363,'SKOLD vs. KMFDM',204,'American'),(364,'Architecture In Helsinki',205,'American'),(365,'Wailing Souls',206,'American'),(366,'Kitaro',207,'American'),(367,'Alice In Chains',208,'American'),(368,'Bobby Darin',209,'American'),(369,'Ini Kamoze',210,'American'),(370,'9th Wonder featuring Defcon_ Phonte',211,'American'),(371,'The Real Kids',212,'American'),(372,'Ill Nino',213,'American'),(373,'De La Ghetto',214,'American'),(374,'Baroness',215,'American'),(375,'DMX / Eve / Jadakiss',216,'American'),(376,'Melt Banana',217,'American'),(377,'M.I.K.E.',218,'American'),(378,'Willie Rosario',219,'American'),(379,'Jude Taylor & His Burning Flames',220,'American'),(380,'Placebo',221,'American'),(381,'Metallica',222,'American'),(382,'Sui Generis',223,'American'),(383,'The Red Telephone',224,'American'),(384,'T-Bone',225,'American'),(385,'Bill Douglas',226,'American'),(386,'DJ Spinn featuring Traxman',227,'American'),(387,'The Radio Dept.',228,'American'),(388,'MAPtley CrA1/4e',229,'American'),(389,'Shy FX & T Power',230,'American'),(390,'Becky Baeling',231,'American'),(391,'Keb\' Mo\'',232,'American'),(392,'UKW',233,'American'),(393,'THE CHIFFONS',234,'American'),(394,'S. Solis y Orquesta',235,'American'),(395,'Commander Cody And His Lost Planet Airmen',236,'American'),(396,'Commissioned',237,'American'),(397,'Dee Clark',238,'American'),(398,'Cauterize',239,'American'),(399,'Laurie Berkner',240,'American'),(400,'DJ Slugo',241,'American'),(401,'Joi',242,'American'),(402,'Simon & Garfunkel',243,'American'),(403,'Beenie Man Featuring Wyclef And Redman',244,'American'),(404,'Robben Ford',245,'American'),(405,'Greater Vision',246,'American'),(406,'Anti-Flag',247,'American'),(407,'Joe Lynn Turner',248,'American'),(408,'Rickie Lee Jones',249,'American'),(409,'Hysterie',250,'American'),(410,'Aesop Rock',251,'American'),(411,'Bobby Vee',252,'American'),(412,'Alfredo GutiA(c)rrez',253,'American'),(413,'Shelby Lynne',254,'American'),(414,'Tora Tora',255,'American'),(415,'Franz Ferdinand',256,'American'),(416,'Hot Chip',257,'American'),(417,'Gal Costa',258,'American'),(418,'Kathy Mattea',259,'American'),(419,'James Taylor',260,'American'),(420,'Der Moderne Man',261,'American'),(421,'Jeff Beck',262,'American'),(422,'Taboo',263,'American'),(423,'BigElf',264,'American'),(424,'Tanto Metro & Devonte',265,'American'),(425,'Ray Kane',266,'American'),(426,'Ashes to Ashes',267,'American'),(427,'Kelly Clarkson',268,'American'),(428,'Fudge Tunnel',269,'American'),(429,'Edgar Bori',270,'American'),(430,'Jimmy Witherspoon',271,'American'),(431,'Eliane Elias',272,'American'),(432,'Dave Eggar',273,'American'),(433,'Donnie Brooks',274,'American'),(434,'2raumwohnung',275,'American'),(435,'SOJA',276,'American'),(436,'Dinosaur Jr.',277,'American'),(437,'Ulytau',278,'American'),(438,'The Nelons',279,'American'),(439,'The Exies',280,'American'),(440,'Babylon Disco',281,'American'),(441,'Kaija Koo',282,'American'),(442,'Gus Viseur',283,'American'),(443,'Dino',284,'American'),(444,'GG Allin',285,'American'),(445,'Zimbabwe Legit',286,'American'),(446,'Spinal Tap',287,'American'),(447,'Der Moderne Man',288,'American'),(448,'Buzzcocks',289,'American'),(449,'Stanley Clarke',290,'American'),(450,'La Portuaria',291,'American'),(451,'Hemdale',292,'American'),(452,'Jesse Malin and The St. Marks Social',293,'American'),(453,'3 Doors Down',294,'American'),(454,'Ma Rainey',295,'American'),(455,'Zombie Girl',296,'American'),(456,'Daniel Johnston',297,'American'),(457,'Niraj Chag',298,'American'),(458,'JoAPSo Gilberto',299,'American'),(459,'Bone Thugs-N-Harmony',300,'American'),(460,'Ultraviolence',301,'American'),(461,'Los Chichos',302,'American'),(462,'Christian McBride',303,'American'),(463,'Jim Kweskin',304,'American'),(464,'Utopia',305,'American'),(465,'Foxy Brown',306,'American'),(466,'Muse',307,'American'),(467,'String Trio Of New York',308,'American'),(468,'Enthroned',309,'American'),(469,'Mastodon',310,'American'),(470,'RamA3n Vargas;Vladimir Jurowski',311,'American'),(471,'Portable',312,'American'),(472,'Hank Locklin',313,'American'),(473,'Lili Ivanova',314,'American'),(474,'Wailing Souls',315,'American'),(475,'Furry Lewis',316,'American'),(476,'BrAPderna Djup',317,'American'),(477,'Jo-El Sonnier',318,'American'),(478,'Naughty By Nature;Naughty By Nature featuring Zhane',319,'American'),(479,'Murskahumppa',320,'American'),(480,'Vanessa Bell Armstrong',321,'American'),(481,'Radiohead',322,'American'),(482,'Dave Hollister',323,'American'),(483,'Seamus Egan',324,'American'),(484,'Arthur Tracy',325,'American'),(485,'Angelo Badalamenti',326,'American'),(486,'C.C. Adcock',327,'American'),(487,'DMX',328,'American'),(488,'James Horner',329,'American'),(489,'Kitaro',330,'American'),(490,'Las Ketchup',331,'American'),(491,'C-Side & Petit Mal',332,'American'),(492,'Don Gibson',333,'American'),(493,'Jewel',334,'American'),(494,'John Legend [feat. Buju Banton]',335,'American'),(495,'Izzy',336,'American'),(496,'Nick Cave & The Bad Seeds',337,'American'),(497,'Bury Your Dead',338,'American'),(498,'Our Time Down Here',339,'American'),(499,'Pee Wee King',340,'American'),(500,'Acorps de Rue',341,'American'),(501,'The Nelons',342,'American'),(502,'Les Blaireaux',343,'American'),(503,'Bersuit Vergarabat',344,'American'),(504,'G-Unit',345,'American'),(505,'Saosin',346,'American'),(506,'John Williams',347,'American'),(507,'Pardesi',348,'American'),(508,'Baby Grand',349,'American'),(509,'DJ Ostkurve',350,'American'),(510,'Roy Rogers',351,'American'),(511,'Reni',352,'American'),(512,'Leonard Kwan',353,'American'),(513,'Steve Riley & The Mamou Playboys',354,'American'),(514,'Falco',355,'American'),(515,'New Roanoke Jug Band',356,'American'),(516,'Warren Barfield',357,'American'),(517,'Dilated Peoples',358,'American'),(518,'Orquesta Broadway',359,'American'),(519,'Fever Ray',360,'American'),(520,'Charles Williams',361,'American'),(521,'Bob Wills',362,'American'),(522,'David Martin',363,'American'),(523,'The Animals_ Sonny Boy Williamson',364,'American'),(524,'MN',365,'American'),(525,'T-Bone Walker',366,'American'),(526,'Floor',367,'American'),(527,'Michael Card',368,'American'),(528,'Walter Jackson',369,'American'),(529,'Megadrums',370,'American'),(530,'Justin',371,'American'),(531,'Tim Exile',372,'American'),(532,'Alex Theory',373,'American'),(533,'Bizzy Bone Presents',374,'American'),(534,'Marcel Mouloudji',375,'American'),(535,'Jerry Reed',376,'American'),(536,'George Lopez',377,'American'),(537,'Cinder',378,'American'),(538,'Speedball',379,'American'),(539,'Johnny Cash',380,'American'),(540,'Rui Da Silva',381,'American'),(541,'Autumnblaze',382,'American'),(542,'Sister Rosetta Tharpe',383,'American'),(543,'Hatesex',384,'American'),(544,'Kris Kristofferson',385,'American'),(545,'Gary Moore',386,'American'),(546,'Christina Aguilera',387,'American'),(547,'Maurane / Lara Fabian',388,'American'),(548,'Rita Chiarelli',389,'American'),(549,'Kiprich',390,'American'),(550,'Pepe Kalle',391,'American'),(551,'Jaime Urrutia',392,'American'),(552,'David Tao',393,'American'),(553,'Goatwhore',394,'American'),(554,'SA(c)amus Egan',395,'American'),(555,'Superchumbo',396,'American'),(556,'We Show Up On Radar',397,'American'),(557,'Gabinete Caligari',398,'American'),(558,'SUMO',399,'American'),(559,'The Clark Sisters',400,'American'),(560,'Hank Locklin',401,'American'),(561,'Tanto Metro & Devonte',402,'American'),(562,'Basic Channel',403,'American'),(563,'Tammy Wynette',404,'American'),(564,'Whitesnake',405,'American'),(565,'Chet Atkins',406,'American'),(566,'Eddie Cano',407,'American'),(567,'Terry Riley',408,'American'),(568,'Mack and Jamie',409,'American'),(569,'Trivium',410,'American'),(570,'Der Plan',411,'American'),(571,'Reel Big Fish',412,'American'),(572,'Ensiferum',413,'American'),(573,'Dylan Kuo',414,'American'),(574,'Martin Sexton',415,'American'),(575,'John Mayall & The Bluesbreakers',416,'American'),(576,'Luiz Bonfa',417,'American'),(577,'Chris Standring',418,'American'),(578,'AngA(c)lla Christie',419,'American'),(579,'Neviss',420,'American'),(580,'Red Hot Chili Peppers',421,'American'),(581,'Chango Spasiuk',422,'American'),(582,'Charley Patton',423,'American'),(583,'The Race',424,'American'),(584,'Yahir',425,'American'),(585,'Brian Dullaghan',426,'American'),(586,'Gordon MacRae',427,'American'),(587,'The Winans',428,'American'),(588,'Mario Rosenstock',429,'American'),(589,'Jerry Goldsmith',430,'American'),(590,'Tom Petty And The Heartbreakers',431,'American'),(591,'Winston Reedy',432,'American'),(592,'Pablo Montero',433,'American'),(593,'Papa Wemba',434,'American'),(594,'John Hammond',435,'American'),(595,'Barbarito Diez',436,'American'),(596,'Richard Galliano',437,'American'),(597,'Pride Tiger',438,'American'),(598,'Ten Years After',439,'American'),(599,'Sweet',440,'American'),(600,'Helen Love',441,'American'),(601,'Bamberg Symphony Orchestra and Hans Swarowsky',442,'American'),(602,'Tomorrow',443,'American'),(603,'Ty Herndon;Stephanie Bentley',444,'American'),(604,'Gary Morris',445,'American'),(605,'Chimaira',446,'American'),(606,'Faye Adams',447,'American'),(607,'Cali',448,'American'),(608,'SilvA(c)rio Pessoa',449,'American'),(609,'X-Static',450,'American'),(610,'Deborah Allen',451,'American'),(611,'The Master Musicians of Jajouka featuring Bachir Attar',452,'American'),(612,'John Holt',453,'American'),(613,'The Prodigy',454,'American'),(614,'Tina Britt',455,'American'),(615,'Sonny Terry & Brownie McGhee',456,'American'),(616,'MxPx',457,'American'),(617,'Fort Minor (Featuring Mr. Hahn)',458,'American'),(618,'Dean Elliott And His Big Band',459,'American'),(619,'Enslavement Of Beauty',460,'American'),(620,'liquid soul & freq',461,'American'),(621,'C.J. Chenier',462,'American'),(622,'Mercedes Castro',463,'American'),(623,'Snow Patrol',464,'American'),(624,'Antonio Bribiesca',465,'American'),(625,'Sex Pistols',466,'American'),(626,'Pinchers',467,'American'),(627,'Trick Trick / Eminem',468,'American'),(628,'Michael Jackson',469,'American'),(629,'Franco',470,'American'),(630,'Carlos NuA+-ez',471,'American'),(631,'Facto Delafe y las flores azules',472,'American'),(632,'Dora The Explorer',473,'American'),(633,'J.J. Cale',474,'American'),(634,'DJ Spinn',475,'American'),(635,'Theodis Ealey',476,'American'),(636,'Janet Paschal',477,'American'),(637,'Everyday Sunday',478,'American'),(638,'Peggy Zina',479,'American'),(639,'Souls Of Mischief',480,'American'),(640,'Hacken Lee',481,'American'),(641,'Bad Brains',482,'American'),(642,'Raze',483,'American'),(643,'The Presets',484,'American'),(644,'Steve Wilson',485,'American'),(645,'Jennifer Lopez',486,'American'),(646,'A.Z.',487,'American'),(647,'Francisco CA(c)spedes',488,'American'),(648,'Quadro Nuevo',489,'American'),(649,'Chris Farlowe',490,'American'),(650,'Silverstein',491,'American'),(651,'Kris Kristofferson',492,'American'),(652,'Alice In Chains',493,'American'),(653,'The Charms',494,'American'),(654,'Matisyahu',495,'American'),(655,'BA(c)la Fleck',496,'American'),(656,'Jongo Trio',497,'American'),(657,'Donny Hathaway',498,'American'),(658,'Javier Mendoza Band',499,'American'),(659,'Sapo',500,'American'),(660,'Eddie Money',501,'American'),(661,'Thomas Battenstein',502,'American'),(662,'Cracker',503,'American'),(663,'Sade',504,'American'),(664,'Photo Atlas',505,'American'),(665,'Kenny Price',506,'American'),(666,'3 Doors Down',507,'American'),(667,'Elliot Goldenthal',508,'American'),(668,'Delroy Wilson',509,'American'),(669,'Arkona',510,'American'),(670,'Behemoth',511,'American'),(671,'Andre Popp',512,'American'),(672,'Soilwork',513,'American'),(673,'CAC/ndido',514,'American'),(674,'Horace Andy',515,'American'),(675,'Shaggy',516,'American'),(676,'RamA3n Vargas_ SA$?ngerknaben Luzerner Kantorei_ Henk Geuke_ Concilium Musicum Wien & Paul Angerer',517,'American'),(677,'The Rapture',518,'American'),(678,'Nicole C. Mullen',519,'American'),(679,'Dinosaur Jr',520,'American'),(680,'Los Van Van',521,'American'),(681,'Snow Patrol',522,'American'),(682,'Lara',523,'American'),(683,'Outerspace',524,'American'),(684,'Gloria Lasso',525,'American'),(685,'Les Sexareenos',526,'American'),(686,'DJ Spinn',527,'American'),(687,'Stevie Ray Vaughan And Double Trouble',528,'American'),(688,'The Creation',529,'American'),(689,'The Balustrade Ensemble',530,'American'),(690,'The Box Tops',531,'American'),(691,'Terry Callier',532,'American'),(692,'Ultimate Fakebook',533,'American'),(693,'Astarte',534,'American'),(694,'Elakelaiset',535,'American'),(695,'Prisma',536,'American'),(696,'Anubis Spire',537,'American'),(697,'Beaver Harris',538,'American'),(698,'Darwin Hobbs',539,'American'),(699,'Jerry Yan',540,'American'),(700,'Tommy James & The Shondells',541,'American'),(701,'Marcus Miller',542,'American'),(702,'Charles Williams',543,'American'),(703,'Los Iracundos',544,'American'),(704,'Hevia',545,'American'),(705,'John And The Bluesbreakers Mayall',546,'American'),(706,'Checkers',547,'American'),(707,'Babbie Mason',548,'American'),(708,'The Grease Band',549,'American'),(709,'Bally Sagoo',550,'American'),(710,'Champion Jack Dupree',551,'American'),(711,'Z.Z. Hill',552,'American'),(712,'Benabar',553,'American'),(713,'John Michael Talbot',554,'American'),(714,'Britney Spears',555,'American'),(715,'Skeletonwitch',556,'American'),(716,'Blingtones',557,'American'),(717,'Charlie Cruz',558,'American'),(718,'Kix',559,'American'),(719,'Indigenous',560,'American'),(720,'True Believers',561,'American'),(721,'Los Abuelos De La Nada',562,'American'),(722,'Slightly Stoopid',563,'American'),(723,'Maximilian Hecker',564,'American'),(724,'Leroy Hutson',565,'American'),(725,'Whitesnake',566,'American'),(726,'Semisonic',567,'American'),(727,'Laid Back',568,'American'),(728,'Willie Clayton',569,'American'),(729,'Novaspace',570,'American'),(730,'Tom Barabas',571,'American'),(731,'Finntroll',572,'American'),(732,'Carlos Ponce',573,'American'),(733,'Colin James',574,'American'),(734,'Marlene Dietrich',575,'American'),(735,'Pinchers & Ganglords',576,'American'),(736,'Ziggy Marley And The Melody Makers',577,'American'),(737,'John Mayer',578,'American'),(738,'Frederik',579,'American'),(739,'Willie Clayton',580,'American'),(740,'Emeneya',581,'American'),(741,'Dropline',582,'American'),(742,'Furry Lewis',583,'American'),(743,'Cancer Bats',584,'American'),(744,'Roy Rogers',585,'American'),(745,'Alexandre Desplat',586,'American'),(746,'Biddu',587,'American'),(747,'Uman',588,'American'),(748,'Lara & Reyes',589,'American'),(749,'George Lopez',590,'American'),(750,'Miriam Yeung',591,'American'),(751,'Shakira',592,'American'),(752,'DJ Quik',593,'American'),(753,'Sophie Tucker',594,'American'),(754,'Pyranja',595,'American'),(755,'Conway Twitty',596,'American'),(756,'Agency 1.9.9.4',597,'American'),(757,'Blackalicious',598,'American'),(758,'Wyclef Jean featuring Butch Cassidy and Sharissa',599,'American'),(759,'Ben Watt feat. Estelle',600,'American'),(760,'Naughty By Nature',601,'American'),(761,'AurA(c)lien Merle',602,'American'),(762,'Far Too Jones',603,'American'),(763,'Jenney',604,'American'),(764,'R.E.M.',605,'American'),(765,'Los Gaiteros de San Jacinto',606,'American'),(766,'King Diamond',607,'American'),(767,'Shamen',608,'American'),(768,'Mighty Diamonds',609,'American'),(769,'Pablo Montero',610,'American'),(770,'Atomic Rooster',611,'American'),(771,'Lincoln Center Jazz Orchestra',612,'American'),(772,'Ray Boltz & Steve Millikan',613,'American'),(773,'Simple Minds',614,'American'),(774,'J. B. Lenoir',615,'American'),(775,'Herbert  von Karajan',616,'American'),(776,'Rihanna',617,'American'),(777,'Fuzz',618,'American'),(778,'Dokken',619,'American'),(779,'Ionics',620,'American'),(780,'Top Of The Poppers',621,'American'),(781,'The Winans',622,'American'),(782,'Paulette Tajah',623,'American'),(783,'Republica;Jonny Male;Dave Arch',624,'American'),(784,'Guns N\' Roses',625,'American'),(785,'Fat Joe',626,'American'),(786,'Skrape',627,'American'),(787,'Curt Bois',628,'American'),(788,'CA(c)line Dion',629,'American'),(789,'Pee Wee King',630,'American'),(790,'FlA!vio JosA(c)',631,'American'),(791,'Silverchair',632,'American'),(792,'Metallica',633,'American'),(793,'Rancid',634,'American'),(794,'Brian Auger\'s Oblivion Express',635,'American'),(795,'Primordial',636,'American'),(796,'Chelsea',637,'American'),(797,'Sizzla',638,'American'),(798,'Bersuit Vergarabat',639,'American'),(799,'Casiotone For The Painfully Alone',640,'American'),(800,'Rainer Bielfeldt',641,'American'),(801,'Ann Hampton Callaway',642,'American'),(802,'Mando Diao',643,'American'),(803,'Donnie McClurkin',644,'American'),(804,'NewFound Road',645,'American'),(805,'Vilma Palma e Vampiros',646,'American'),(806,'Ray Conniff',647,'American'),(807,'Nelson Ned',648,'American'),(808,'Madilu System',649,'American'),(809,'Set Your Goals',650,'American'),(810,'The High Strung',651,'American'),(811,'Lost Boyz',652,'American'),(812,'Nic Endo',653,'American'),(813,'Dropkick Murphys',654,'American'),(814,'Kim Wilson',655,'American'),(815,'Daath',656,'American'),(816,'Suicidal Tendencies',657,'American'),(817,'Bobby Vee',658,'American'),(818,'Bill & Gloria Gaither',659,'American'),(819,'Jennifer Brown',660,'American'),(820,'Jean LumiAre\"\"',661,'American'),(821,'Elephant Man',662,'American'),(822,'Alain Souchon',663,'American'),(823,'Pepper',664,'American'),(824,'Peggy Zina',665,'American'),(825,'FIR',666,'American'),(826,'Eric Champion',667,'American'),(827,'Zeltinger Band',668,'American'),(828,'Bebe Winans',669,'American'),(829,'Penguin CafA(c) Orchestra',670,'American'),(830,'Colombiafrica - The Mystic Orchestra',671,'American'),(831,'Red Hot Chili Peppers',672,'American'),(832,'The Kitchen',673,'American'),(833,'Statues',674,'American'),(834,'Jonny Lang',675,'American'),(835,'Cam\'Ron / JR Writer',676,'American'),(836,'Novembre',677,'American'),(837,'X-Raided',678,'American'),(838,'Cornell Campbell',679,'American'),(839,'Donna The Buffalo',680,'American'),(840,'Tesla',681,'American'),(841,'AI-TIEM',682,'American'),(842,'Little Feat',683,'American'),(843,'Mikey Dread',684,'American'),(844,'Alberto Cortez',685,'American'),(845,'Conjunto Mar Azul',686,'American'),(846,'Death From Above 1979',687,'American'),(847,'Foo Fighters',688,'American'),(848,'Eyehategod',689,'American'),(849,'Mal De Ojo',690,'American'),(850,'Edmundo Ros',691,'American'),(851,'The Antlers',692,'American'),(852,'Lionel Rogg',693,'American'),(853,'Jimmy Riley',694,'American'),(854,'Elliot Goldenthal',695,'American'),(855,'John Brown',696,'American'),(856,'Marilyn Horne / Wiener Opernorchester / Henry Lewis',697,'American'),(857,'Jason Mraz',698,'American'),(858,'Pyrolator',699,'American'),(859,'James Scott Skinner',700,'American'),(860,'Abraham Laboriel',701,'American'),(861,'Grupo Batuque',702,'American'),(862,'Sugar Minott',703,'American'),(863,'Ini Kamoze',704,'American'),(864,'Mudhoney',705,'American'),(865,'Out Of The Grey',706,'American'),(866,'Dino',707,'American'),(867,'OV7',708,'American'),(868,'Borialis',709,'American'),(869,'Open Hand',710,'American'),(870,'X-ecutioners',711,'American'),(871,'Mario Rosenstock',712,'American'),(872,'Juice Leskinen',713,'American'),(873,'Pumpkin Buzzard',714,'American'),(874,'Rishi Rich',715,'American'),(875,'Kanye West',716,'American'),(876,'The Katies',717,'American'),(877,'Los Hispanos',718,'American'),(878,'Sugar Minott',719,'American'),(879,'Paul Brown',720,'American'),(880,'Lloyd Banks',721,'American'),(881,'Marvin Sapp',722,'American'),(882,'Sister Hazel',723,'American'),(883,'Mighty Diamonds',724,'American'),(884,'Terror Fabulous',725,'American'),(885,'Eddie Henderson',726,'American'),(886,'Kartik Seshadri',727,'American'),(887,'Modeselektor',728,'American'),(888,'Charlie Rich',729,'American'),(889,'Kris Kristofferson',730,'American'),(890,'Bad Religion',731,'American'),(891,'SaarbrA1/4cken Radio Symphony Orchestra',732,'American'),(892,'Jackie Davis',733,'American'),(893,'Shawn Colvin',734,'American'),(894,'Less Than Jake',735,'American'),(895,'Mobb Deep',736,'American'),(896,'Irwin Goodman',737,'American'),(897,'Pedro Aznar',738,'American'),(898,'Bill Douglas',739,'American'),(899,'Marty Robbins',740,'American'),(900,'Gang Starr Featuring Jeru The Damaja And Lil Dap',741,'American'),(901,'Lenn Hammond',742,'American'),(902,'Cool For August',743,'American'),(903,'Monster Magnet',744,'American'),(904,'Sugar Minott',745,'American'),(905,'Nirvana',746,'American'),(906,'Unison',747,'American'),(907,'Hatiras & Slarta John',748,'American'),(908,'Randy Travis',749,'American'),(909,'JosA(c) Augusto;Catia Guimma',750,'American'),(910,'fIREHOSE',751,'American'),(911,'Alternative TV',752,'American'),(912,'Mike Bloomfield',753,'American'),(913,'Francky Vincent',754,'American'),(914,'The Black Crowes',755,'American'),(915,'G-Unit',756,'American'),(916,'Mat Kearney',757,'American'),(917,'Conjunto Clasico',758,'American'),(918,'Julie Roberts',759,'American'),(919,'The Presets',760,'American'),(920,'Lily Holbrook',761,'American'),(921,'Georges Delerue',762,'American'),(922,'Ronnie Milsap',763,'American'),(923,'Irma Thomas',764,'American'),(924,'VHS Or Beta',765,'American'),(925,'T.G. Sheppard',766,'American'),(926,'O\'2L',767,'American'),(927,'The Cardigans',768,'American'),(928,'Clifton Chenier',769,'American'),(929,'B.B. King',770,'American'),(930,'Zen Lemonade',771,'American'),(931,'R. Kelly & Jay Z',772,'American'),(932,'Jan Wayne',773,'American'),(933,'Jimmy Cliff',774,'American'),(934,'The Forms',775,'American'),(935,'Lionel Rogg',776,'American'),(936,'Connie Francis',777,'American'),(937,'Larry The Cable Guy',778,'American'),(938,'The Kirkbys',779,'American'),(939,'Arc Angels',780,'American'),(940,'The Clancy Brothers',781,'American'),(941,'Andy Griffith',782,'American'),(942,'Eric Demarsan',783,'American'),(943,'Myrick Freeze\"\" Guillory\"\"',784,'American'),(944,'Ice-T & Chuck D',785,'American'),(945,'Silverchair',786,'American'),(946,'U2',787,'American'),(947,'Sweet',788,'American'),(948,'Billy Bragg & Wilco',789,'American'),(949,'Hot Tuna',790,'American'),(950,'GAPtterdA$?mmerung',791,'American'),(951,'Mil',792,'American'),(952,'The Twinkle Brothers',793,'American'),(953,'Tum Tum',794,'American'),(954,'Mr Dubz',795,'American'),(955,'Shakira',796,'American'),(956,'Soda Stereo',797,'American'),(957,'Die Bandbreite',798,'American'),(958,'Pardesi',799,'American'),(959,'Andre Verchuren',800,'American'),(960,'Spieluhrmelodien',801,'American'),(961,'Marco Beltrami',802,'American'),(962,'Erik Hassle',803,'American'),(963,'An Cafe',804,'American'),(964,'Galactic',805,'American'),(965,'Michael Bloomfield',806,'American'),(966,'Soul Embraced',807,'American'),(967,'Scott Wesley Brown',808,'American'),(968,'Tiny Tim',809,'American'),(969,'At All Cost',810,'American'),(970,'Shamen',811,'American'),(971,'William Coulter',812,'American'),(972,'Phil Spector',813,'American'),(973,'Charles Williams And His Orchestra',814,'American'),(974,'Nick Cave & The Bad Seeds',815,'American'),(975,'Barrabas',816,'American'),(976,'Malcolm McLaren',817,'American'),(977,'The Brooklyn Tabernacle Choir',818,'American'),(978,'Birmingham Jubilee Singers',819,'American'),(979,'Capleton',820,'American'),(980,'Steve Erquiaga',821,'American'),(981,'Avril Lavigne',822,'American'),(982,'Mickey And The Students',823,'American'),(983,'Chimaira',824,'American'),(984,'Bumblefoot',825,'American'),(985,'Hem',826,'American'),(986,'Lara',827,'American'),(987,'The Shamen',828,'American'),(988,'Jackie Edwards',829,'American'),(989,'The Moody Blues',830,'American'),(990,'Frankie Randall',831,'American'),(991,'Arturo Sandoval',832,'American'),(992,'Tommy Overstreet',833,'American'),(993,'Coven',834,'American'),(994,'Kzss & Atma',835,'American'),(995,'Professor Longhair',836,'American'),(996,'Stelios Dionisiou',837,'American'),(997,'J.C. Lodge',838,'American'),(998,'Hubert Kah',839,'American'),(999,'Snow Patrol',840,'American'),(1000,'M',841,'American'),(1001,'Piero Umiliani',842,'American'),(1002,'Tabu Ley Rochereau',843,'American'),(1003,'Dead Prez',844,'American'),(1004,'Sergio Mendes / Black Eyed Peas',845,'American'),(1005,'Janice Vidal',846,'American'),(1006,'El Gran Silencio',847,'American'),(1007,'Black Flag',848,'American'),(1008,'Les Bantous De La Capitale',849,'American'),(1009,'Sivuca',850,'American'),(1010,'Luis Alberto Spinetta',851,'American'),(1011,'Moss',852,'American'),(1012,'Blind Boy Fuller',853,'American'),(1013,'Paula Santoro',854,'American'),(1014,'Sunscreem',855,'American'),(1015,'Louis Prima And Keely Smith',856,'American'),(1016,'Robert Lockwood_ Jr.',857,'American'),(1017,'Muse',858,'American'),(1018,'Jeremy Spencer',859,'American'),(1019,'Bob Margolin',860,'American'),(1020,'The Gone Jackals',861,'American'),(1021,'The Velvet Underground',862,'American'),(1022,'Kingston Trio',863,'American'),(1023,'D\' Militante',864,'American'),(1024,'Michelle & Vickie',865,'American'),(1025,'Pamelo Mounk\'a',866,'American'),(1026,'Los Fernandos',867,'American'),(1027,'Kool Savas',868,'American'),(1028,'Rainie Yang',869,'American'),(1029,'Little Eva',870,'American'),(1030,'Simple Minds',871,'American'),(1031,'The Killers',872,'American'),(1032,'New Order',873,'American'),(1033,'Damone',874,'American'),(1034,'Furry Lewis',875,'American'),(1035,'Chris Farlowe',876,'American'),(1036,'Joe Turner',877,'American'),(1037,'Porcupine Tree',878,'American'),(1038,'DeGarmo & Key',879,'American'),(1039,'Frank Chacksfield',880,'American'),(1040,'David Bowie',881,'American'),(1041,'Bone Thugs-N-Harmony',882,'American'),(1042,'Klaus Badelt',883,'American'),(1043,'Charlotte Gainsbourg',884,'American'),(1044,'Aerosmith',885,'American'),(1045,'Agnes',886,'American'),(1046,'The Party Group',887,'American'),(1047,'Enter the Haggis',888,'American'),(1048,'Mac McAnally',889,'American'),(1049,'T.O.K.',890,'American'),(1050,'Leo Gandelman',891,'American'),(1051,'Leon Russell',892,'American'),(1052,'Bill Laswell',893,'American'),(1053,'Francis Lai',894,'American'),(1054,'Herbst9_ Z\'ev',895,'American'),(1055,'Del Tha Funkee Homosapien',896,'American'),(1056,'Rihanna',897,'American'),(1057,'Britney Spears feat. Pharrell Williams',898,'American'),(1058,'Britney Spears',899,'American'),(1059,'Crazy Horse',900,'American'),(1060,'Headhunter',901,'American'),(1061,'Sam Butera & The Witnesses',902,'American'),(1062,'Rise Against',903,'American'),(1063,'Lee Ritenour / Jeff Mironov',904,'American'),(1064,'Helmet',905,'American'),(1065,'Dine et DA(c)on',906,'American'),(1066,'Martin Denny',907,'American'),(1067,'DJ Nasty',908,'American'),(1068,'Santana',909,'American'),(1069,'Ray Sandoval',910,'American'),(1070,'Amalia Avgoustaki',911,'American'),(1071,'Shaman',912,'American'),(1072,'K-OS',913,'American'),(1073,'Choir & Great Symphony Orchestra of the All-Union Radio_ N. Shpiller_ S. Krassovsky_ V. Gagarina & N',914,'American'),(1074,'Elva Hsiao',915,'American'),(1075,'Chris Farlowe',916,'American'),(1076,'Avril',917,'American'),(1077,'Sticky Fingaz & Omar Epps',918,'American'),(1078,'Delbert McClinton',919,'American'),(1079,'Gloria De Haven',920,'American'),(1080,'Rhian Benson',921,'American'),(1081,'The Impressions',922,'American'),(1082,'Bessie Smith',923,'American'),(1083,'MC5',924,'American'),(1084,'Tommy Torres',925,'American'),(1085,'Les Malpolis',926,'American'),(1086,'Washboard Sam',927,'American'),(1087,'Shirley Caesar',928,'American'),(1088,'Tammy Wynette',929,'American'),(1089,'Fun Lovin\' Criminals',930,'American'),(1090,'Los Chunguitos',931,'American'),(1091,'CA(c)line Dion',932,'American'),(1092,'OutKast',933,'American'),(1093,'Andy Griffith',934,'American'),(1094,'Joe Lynn Turner',935,'American'),(1095,'Warrant',936,'American'),(1096,'IYOV',937,'American'),(1097,'Otis Taylor',938,'American'),(1098,'Laron aka Swan featuring Alexander East',939,'American'),(1099,'Alfredo Kraus/Tatiana Troyanos/London Philharmonic Orchestra/Michel Plasson',940,'American');
/*!40000 ALTER TABLE `artist` ENABLE KEYS */;
UNLOCK TABLES;

--
-- Temporary view structure for view `findkanye`
--

DROP TABLE IF EXISTS `findkanye`;
/*!50001 DROP VIEW IF EXISTS `findkanye`*/;
SET @saved_cs_client     = @@character_set_client;
SET character_set_client = utf8mb4;
/*!50001 CREATE VIEW `findkanye` AS SELECT 
 1 AS `hitCounter`,
 1 AS `songID`,
 1 AS `songName`,
 1 AS `date`,
 1 AS `albumName`,
 1 AS `genre`*/;
SET character_set_client = @saved_cs_client;

--
-- Temporary view structure for view `findnewalbums`
--

DROP TABLE IF EXISTS `findnewalbums`;
/*!50001 DROP VIEW IF EXISTS `findnewalbums`*/;
SET @saved_cs_client     = @@character_set_client;
SET character_set_client = utf8mb4;
/*!50001 CREATE VIEW `findnewalbums` AS SELECT 
 1 AS `albumID`,
 1 AS `date`,
 1 AS `albumCover`,
 1 AS `albumName`,
 1 AS `genre`*/;
SET character_set_client = @saved_cs_client;

--
-- Temporary view structure for view `oldartists`
--

DROP TABLE IF EXISTS `oldartists`;
/*!50001 DROP VIEW IF EXISTS `oldartists`*/;
SET @saved_cs_client     = @@character_set_client;
SET character_set_client = utf8mb4;
/*!50001 CREATE VIEW `oldartists` AS SELECT 
 1 AS `artistName`,
 1 AS `date`*/;
SET character_set_client = @saved_cs_client;

--
-- Table structure for table `playlist`
--

DROP TABLE IF EXISTS `playlist`;
/*!40101 SET @saved_cs_client     = @@character_set_client */;
 SET character_set_client = utf8mb4 ;
CREATE TABLE `playlist` (
  `playlistID` int(11) NOT NULL AUTO_INCREMENT,
  `dataCreated` date NOT NULL,
  `userID` int(11) NOT NULL,
  PRIMARY KEY (`playlistID`),
  UNIQUE KEY `playlistID` (`playlistID`),
  KEY `userID` (`userID`),
  CONSTRAINT `playlist_ibfk_1` FOREIGN KEY (`userID`) REFERENCES `users` (`userid`) ON UPDATE CASCADE
) ENGINE=InnoDB AUTO_INCREMENT=11 DEFAULT CHARSET=utf8mb4 COLLATE=utf8mb4_0900_ai_ci;
/*!40101 SET character_set_client = @saved_cs_client */;

--
-- Dumping data for table `playlist`
--

LOCK TABLES `playlist` WRITE;
/*!40000 ALTER TABLE `playlist` DISABLE KEYS */;
INSERT INTO `playlist` VALUES (1,'2018-11-20',12345),(10,'2018-11-20',10001);
/*!40000 ALTER TABLE `playlist` ENABLE KEYS */;
UNLOCK TABLES;

--
-- Table structure for table `playlistinformation`
--

DROP TABLE IF EXISTS `playlistinformation`;
/*!40101 SET @saved_cs_client     = @@character_set_client */;
 SET character_set_client = utf8mb4 ;
CREATE TABLE `playlistinformation` (
  `playlistID` int(11) NOT NULL,
  `songID` int(11) NOT NULL,
  PRIMARY KEY (`playlistID`,`songID`),
  KEY `songID` (`songID`),
  CONSTRAINT `playlistinformation_ibfk_1` FOREIGN KEY (`songID`) REFERENCES `song` (`songid`) ON UPDATE CASCADE,
  CONSTRAINT `playlistinformation_ibfk_2` FOREIGN KEY (`playlistID`) REFERENCES `playlist` (`playlistid`) ON UPDATE CASCADE
) ENGINE=InnoDB DEFAULT CHARSET=utf8mb4 COLLATE=utf8mb4_0900_ai_ci;
/*!40101 SET character_set_client = @saved_cs_client */;

--
-- Dumping data for table `playlistinformation`
--

LOCK TABLES `playlistinformation` WRITE;
/*!40000 ALTER TABLE `playlistinformation` DISABLE KEYS */;
INSERT INTO `playlistinformation` VALUES (1,100),(1,101),(1,102),(1,103),(1,104),(1,105),(1,106),(1,107),(1,108),(1,109),(1,110),(10,111),(10,112),(10,113),(10,114),(10,115),(10,116),(10,117),(10,118),(10,119),(10,120),(10,557);
/*!40000 ALTER TABLE `playlistinformation` ENABLE KEYS */;
UNLOCK TABLES;

--
-- Table structure for table `song`
--

DROP TABLE IF EXISTS `song`;
/*!40101 SET @saved_cs_client     = @@character_set_client */;
 SET character_set_client = utf8mb4 ;
CREATE TABLE `song` (
  `songID` int(11) NOT NULL AUTO_INCREMENT,
  `albumID` int(11) NOT NULL,
  `hitCounter` int(11) DEFAULT NULL,
  `songName` varchar(255) NOT NULL,
  PRIMARY KEY (`songID`),
  UNIQUE KEY `songID` (`songID`),
  KEY `albumID` (`albumID`),
  CONSTRAINT `song_ibfk_1` FOREIGN KEY (`albumID`) REFERENCES `album` (`albumid`) ON UPDATE CASCADE
) ENGINE=InnoDB AUTO_INCREMENT=1199 DEFAULT CHARSET=utf8mb4 COLLATE=utf8mb4_0900_ai_ci;
/*!40101 SET character_set_client = @saved_cs_client */;

--
-- Dumping data for table `song`
--

LOCK TABLES `song` WRITE;
/*!40000 ALTER TABLE `song` DISABLE KEYS */;
INSERT INTO `song` VALUES (100,1,3615,'Still'),(101,2,2201,'Snapshot'),(102,3,3279,'End Of The Road (Head Hornys Remix)'),(103,4,0,'7 Miles'),(104,5,5985,'The Frail'),(105,6,2979,'Para Milladoiro'),(106,7,2722,'Stone Cold Fingers (Bonus Track)'),(107,8,3735,'Snowball'),(108,9,4616,'(We Don\'t Need This) Fascist Groove Thang'),(109,10,2473,'Drunk Alone'),(110,11,3066,'Charisma'),(111,12,3324,'Going Down Slow'),(112,13,3424,'All Rise'),(113,14,2955,'Jogo Limpo'),(114,15,3895,'Silent Hill'),(115,16,3121,'Our Love Is Here To Stay'),(116,17,2767,'Everything Changes'),(117,18,5996,'Master Of Disharmony'),(118,19,4155,'(This Is Not A) Love Song (Live)'),(119,20,4671,'What Are We Here For'),(120,21,0,'Une petite pause'),(121,22,5375,'Wig'),(122,23,0,'Perasmena Mesanihta'),(123,24,5492,'God Save the Queen (Live)'),(124,25,8522,'Forever'),(125,26,0,'Sun Is Shining'),(126,27,0,'New Age'),(127,28,4534,'Have Yourself A Merry Little Christmas'),(128,29,5354,'U Killed It'),(129,30,3336,'Rain And Snow'),(130,31,3140,'Gerra De De'),(131,32,3051,'Kako mi je pitas sad'),(132,33,3718,'Voices On The Corner'),(133,34,3495,'(Bloody Paw On The) Kill Floor'),(134,35,3623,'I Wish My Mother Was Here'),(135,36,3516,'Inolvidable'),(136,37,3547,'Miracle'),(137,38,4461,'Witch Weed (Live)'),(138,39,3530,'Not Buried Deep Enough'),(139,40,1731,'Give Me 40 Acres (To Turn This Rig Around)'),(140,41,3419,'Ernesto Nazareth'),(141,42,2724,'The Cube (Live)'),(142,43,3653,'Get Back Down'),(143,44,3009,'Battle Of The Rosebud / Cries'),(144,45,3433,'Beyond the Light'),(145,46,8196,'Spaceman'),(146,47,4772,'Pulecenella \'e mA2'),(147,48,3667,'Iskorosten\' (instr.)'),(148,49,3172,'Big Stax/High Volts (Album Version)'),(149,50,3149,'It Goes On'),(150,51,3225,'Pecado De Amor'),(151,52,4987,'Illuminate'),(152,53,5551,'Never Forget Me'),(154,55,5204,'A B***** Is A B***** (Edited)'),(155,56,5891,'Kick Out The Jams'),(156,57,2823,'Me And My Buddy'),(157,58,6251,'Amber Changing'),(158,59,3744,'Murder Academy'),(159,60,5583,'Hey Daddy'),(160,61,3530,'4 Sea Interludes Op. 33a: Storm'),(161,62,4414,'I Need You Now'),(162,63,4918,'Atmosphere Station'),(163,64,4671,'Walk Away'),(164,65,5743,'Shadows That Move'),(165,66,2663,'Hallelj'),(166,67,3749,'Mountains Of Mourne'),(167,68,7503,'Kite Live from Sydney'),(168,69,2928,'Loco (Crazy)'),(169,70,5583,'Ever Be'),(170,71,3513,'Oh Look Misery'),(171,72,3881,'Yesterdays'),(172,73,4977,'Teacher\'s Pet'),(173,74,5604,'Palmer enquAate'),(174,75,3743,'Go To Hell'),(175,76,3896,'Moon River - Original'),(176,77,2959,'La Plus Bath Des Javas'),(177,78,4096,'Infidel'),(178,79,5864,'English Summer Rain'),(179,80,3167,'Spanish Shuffle (Album Version)'),(180,81,3448,'Intro'),(181,82,4132,'Empress So Divine'),(182,83,4668,'Terapia De Amor Intensiva'),(183,84,3941,'Haunting'),(184,85,4668,'Lies Of Hate'),(185,86,2927,'The First Noel'),(186,87,3743,'Musical Episode'),(187,88,2915,'Beautiful Brown eyes'),(188,89,2442,'Drop the Bass'),(189,90,4114,'The Last Word (Amended Version)'),(190,91,6066,'Hard Times'),(191,92,3676,'Just As Much As Ever'),(192,93,3794,'Filipino Baby'),(193,94,2837,'The Boss'),(194,95,5936,'Escapist'),(195,96,3995,'Jeffrey\'s Dark Side'),(196,97,3464,'Someone to Watch Over Me'),(197,98,3175,'Milagre Dos Peixes/ Musica Incidental: Cais/ Music Incidental: San Vicente'),(198,99,3785,'Pinned To The Ground (album version)'),(199,100,6055,'Always And Never (Album Version)'),(200,101,4821,'Myth Takes'),(201,102,2331,'Carpe PM'),(202,103,5065,'Who Shot Ya (Amended Album Version)'),(203,104,6344,'Poor Tom (Album Version)'),(204,105,4050,'Wounded Hearts'),(205,106,2575,'Love\'s Been Good To Me'),(206,107,4093,'When Morning Comes To Town'),(207,108,3332,'Estate'),(208,109,3192,'Freedom Enough (From Silent Mother Nature)'),(209,110,3244,'Hai Shava'),(210,111,3079,'Nutty Block'),(211,112,6240,'Until You Love Someone'),(212,113,4823,'Part One From Triomusic'),(213,114,3436,'Hello Young Lovers (LP Version)'),(214,115,3268,'Same Man'),(215,116,3850,'Quiero Ir Ao Mar'),(216,117,4958,'The Owl and the Pussy-cat'),(217,118,5271,'Set You Free This Time'),(218,119,4095,'Bloco Da Solidao (1996 Digital Remaster)'),(219,120,3791,'Will You Love Me Tomorrow'),(220,121,2919,'Stille nacht_ heilige nacht'),(221,122,4497,'Nine Ways'),(222,123,6047,'Northern Downpour (Album Version)'),(223,124,2587,'Bad Seed'),(224,125,2984,'Exchange'),(225,126,3137,'Marie D\'Aquitaine'),(226,127,4038,'Oh My God'),(227,128,3057,'Joy To The World'),(228,129,4142,'Hoochie Coochie Man'),(229,130,0,'Ftei O Erotas'),(230,131,3629,'The Second Summer Of Love'),(231,132,2913,'Prelude And Fugue In C Major BWV 531 : Fugue'),(232,133,3598,'Don\'t Phunk With My Heart'),(233,134,3808,'Give It What U Got'),(234,135,2628,'Dancing To A Standstill'),(235,136,4209,'Isla del Luna'),(236,137,4318,'Spirit'),(237,138,4467,'Another Long One'),(238,139,3589,'Leng Jing'),(239,140,4020,'OAKtown'),(240,141,5926,'Larger Than Life'),(241,142,4049,'I Hold Your Hand In Mine [Live At Royal Albert Hall]'),(242,143,5502,'Baby Come To Me'),(243,144,4176,'Den Pai Alo'),(244,145,3106,'It Wont Be Christmas'),(245,146,3876,'Knocked Out Of The Park'),(246,147,4054,'Salt In NYC'),(247,148,3185,'Wessex Loses a Bride'),(248,149,3105,'Erica (2005 Digital Remaster)'),(249,150,3722,'Blessed Assurance'),(250,151,0,'Loaded Like A Gun'),(251,152,3205,'Rumba De Barcelona'),(252,153,4772,'Clementina SantafA\"\"'),(253,154,3359,'Wild Rose (Back 2 Basics Mix)'),(254,155,4318,'Kutt Free (DJ Volume Remix)'),(255,156,3964,'Ten Tonne'),(256,157,5684,'A Higher Place (Album Version)'),(257,158,3914,'Sono andati? Fingevo di dormire'),(258,159,2538,'Got My Mojo Workin'),(259,160,3995,'Get Your Head Stuck On Your Neck'),(260,161,2941,'Jenny Take a Ride'),(261,162,0,'Sonnerie lalaleulA(c) hi houuu'),(262,163,3107,'Midnight Star'),(263,164,3228,'Native Soul'),(264,165,3201,'Der Kleine Dompfaff'),(265,166,3668,'A Whiter Shade Of Pale (Live @ Fillmore West)'),(266,167,3776,'The Ballad Of Sleeping Beauty'),(268,169,802,'Music is what we love'),(269,170,3784,'City Slickers'),(270,171,3314,'Intro'),(271,172,5328,'Harajuku Girls'),(272,173,4207,'Prognosis'),(273,174,4490,'Living Hell'),(274,175,3413,'Small World'),(275,1,4437,'Truck Driving Man/Down In The Caribbean'),(276,2,5801,'Swallow The Knife (Live) (Segue)'),(277,3,3695,'Mayday'),(278,4,4209,'Lake Of Dreams'),(279,5,4440,'Because Of You'),(280,6,2796,'Un Peu D\'Amour Et D\'AmitiA(c)'),(281,7,5576,'Rattlesnake!'),(282,8,4528,'Disappeared'),(283,9,3549,'DoppelgA$?nger [Qliphothic Phantasmagoria]'),(284,10,4449,'Ain\'t No Love Ain\'t No Use (Love To Infinity Full Funk Mix)'),(285,11,3108,'Ghost Town Rituals (Album Version)'),(286,12,5402,'Morning Glory'),(287,13,3876,'Rudolph The Red-Nosed Reindeer'),(288,14,3045,'Tomorrow Gone'),(289,15,3606,'I don\'t Want to Be Alone Tonight'),(290,16,3978,'Just A Little Lovin\' (Will Go A Long Way)'),(291,17,5265,'Shameless'),(292,18,1509,'And I Love You So'),(293,19,4234,'L\' Envers Du DA(c)cor'),(294,20,3846,'Quiet Time'),(295,21,3431,'Little Sister'),(296,22,3144,'Song For Mom (LP Version)'),(297,23,3282,'All Over Me'),(298,24,2983,'I Hate You'),(299,25,3507,'From The Blind (LP Version)'),(300,26,2675,'Misanthrope'),(301,27,4534,'Chains Chains (Live In Hammersmith)'),(302,28,4382,'The Date (Remix By Ana Rago)'),(303,29,3840,'As My Fire Flies'),(304,30,6673,'We Wish You A Merry Christmas'),(305,31,5173,'BAPse'),(306,32,0,'Saturday Night Is The Loneliest Night In The Week'),(307,33,3219,'A Mi No Me Importa'),(308,34,5105,'BYOB (Explicit Album Version)'),(309,35,3437,'Le PresbytA\"re n\'a rien perdu de son Charme\"'),(310,36,3329,'Ven Morena'),(311,37,2335,'Brighton by the Sea'),(312,38,1404,'CHAOS INTRO'),(313,39,5685,'Bloody Pig Pile (Live)'),(314,40,3451,'Hex Breaker'),(315,41,4220,'The Melting Moon (Edit)'),(316,42,0,'Hawaiian Chimes'),(317,43,3281,'Turn Around'),(318,44,4257,'L\'accordA(c)oniste'),(319,45,2799,'Tumba Tumba'),(320,46,0,'Why don\'t you eat where you slept last night ?'),(321,47,6134,'Suffocating Under Words Of Sorrow (What Can I Do)'),(322,48,1666,'Im Moving On'),(323,49,3209,'Deep Night/Softly As In A Morning Sunrise (Medley)'),(324,50,4121,'Let Me Show You [I Just Want To Make You Smile]'),(325,51,2855,'Monster For Music'),(326,52,3906,'Complain'),(327,53,4645,'Daydreaming [Jakwob Remix]'),(329,55,4155,'Ease'),(330,56,6251,'Everchanging'),(331,57,4580,'Too much informa'),(332,58,4234,'L\'insidieuse (Live)'),(333,59,3470,'So Hot'),(334,60,0,'Youlan_ Lonely Orchid (solo guqin)'),(335,61,3779,'Forbidden Fruit'),(336,62,3933,'Recorda-Me'),(337,63,4520,'Lady Of Your Calibre'),(338,64,4915,'Italian For Goodbye (skit)'),(339,65,3873,'Anti Geroi'),(340,66,5837,'Stronger Than Me'),(341,67,5170,'Only For The Young'),(342,68,1162,'T\'as 16 ans demain'),(343,69,2431,'Serene'),(344,70,3593,'So Jah Seh'),(345,71,3442,'Joy In The Journey (The Final Word Album Version)'),(346,72,4234,'Chorinho Pra Ele (Live)'),(347,73,5148,'Warrior\'s Quest'),(348,74,4124,'Medley LeA-la Chico'),(349,75,4915,'The Hustle'),(350,76,3316,'Rakkauden satu - Histoire d\'un Amour -'),(351,77,5576,'God Bless You (Goddamn it)'),(352,78,4558,'The Illusionist'),(353,79,3132,'La Route Est Belle'),(354,80,3499,'Urgence'),(355,81,7379,'Pero Me Acuerdo De TA'),(356,82,4485,'Trapped In Reality'),(357,83,4401,'Our Darkest Days'),(358,84,3336,'California Dreamin\' (LP Version)'),(359,85,4348,'Dumb Woman Blues'),(360,86,3071,'Letting You Back In'),(361,87,5416,'Hear Me Lord (2001 Digital Remaster)'),(362,88,7762,'Don\'t Let Go'),(363,89,3079,'U Don\'t Hear Me Tho\' (Street Mix)'),(364,90,3319,'Lonely Street'),(365,91,3170,'Undertow'),(366,92,2431,'12 Seasons of Love'),(367,93,3848,'Courtyard'),(368,94,2342,'Have You Ever Seen The Rain'),(369,95,3341,'Cry Baby'),(370,96,4736,'Interlude'),(371,97,4199,'Terra'),(372,98,3548,'Mother'),(373,99,3707,'A La Memoria Del Muerto'),(374,100,3445,'Sayin\' Dope'),(375,101,6427,'When The World Is Running Down_ You Make The Best Of What\'s Still Around'),(376,102,5536,'My Bonnie Lies Over the Ocean'),(377,103,3449,'Now You Know'),(378,104,3494,'I\'m Sitting Here Waiting'),(379,105,1760,'Korrupted - Remix'),(380,106,2346,'Sex Objekt'),(381,107,0,'Rain / Ekoln'),(382,108,3748,'Reason With The Beast'),(383,109,5464,'As Diehard As They Come (Album Version)'),(384,110,3669,'No Unexpected Guests'),(385,111,5099,'Walls And Cannonballs (Album)'),(386,112,4355,'Trouble In The City'),(387,113,3294,'Dark Angel'),(388,114,7888,'Knocked Up'),(389,115,5459,'Ven Conmigo/Perdoname (Live)'),(390,116,3591,'Taste Of Dis (Explicit Version)'),(391,117,3721,'Prvni vesela'),(392,118,3531,'If You\'d Only Talk To Me (Bonus Track)'),(393,119,4408,'Librado Maldonado'),(394,120,5475,'Crass Commercialism'),(395,121,2663,'Flores Negras'),(396,122,4725,'Rollercoaster Ride'),(397,123,3766,'Turning Away'),(398,124,3799,'Metal from Hell...22nd Century'),(399,125,4102,'The Girl I Find (LP Version)'),(400,126,6935,'Panda Bear'),(401,127,3910,'Drifting From Town To Town'),(402,128,3262,'Negativ Song'),(403,129,3453,'The Lords Prayer'),(404,130,4081,'Nubia (LP Version)'),(405,131,3513,'Blake\'s Worried Blues'),(406,132,3697,'You\'re My World'),(407,133,3490,'Ojos Gitanos'),(408,134,3608,'Mira Nina'),(409,135,3484,'Solamente Una Vez'),(410,136,3994,'Zolte Slonie'),(411,137,5028,'Sahti Waari'),(412,138,3482,'Nina Nina'),(413,139,3394,'Only Do for Love'),(414,140,3302,'Arrival'),(415,141,3457,'Las Murallas De JericA3'),(416,142,1881,'Megatrend'),(417,143,3129,'In The Name of the Father'),(418,144,0,'I Can\'t Tame Wild Women'),(419,145,3239,'A Somber Wind from a Distant Shore (Album)'),(420,146,3969,'Little Timmy'),(421,147,3354,'Erica'),(422,148,3057,'Marcando El Ritmo Al Caminar'),(423,149,0,'To Agalma'),(424,150,3613,'Damisela Encantadora'),(425,151,3326,'You Are My Memoir'),(426,152,3622,'Donizetti: Roberto Devereux: L\'ore trascorrono...'),(427,153,8042,'Pienso En Ti'),(428,154,4095,'This Time I\'ll Be Sweeter'),(429,155,3388,'Bus Station Blues (Live)'),(430,156,3839,'Mr. Prime Minister'),(431,157,2820,'I Love You And You Love Me'),(432,158,5823,'A New Hope'),(433,159,5459,'Como La Flor (2005 Re-mastering) (Live)'),(434,160,3993,'Ponto'),(435,161,3969,'Great Is Thy Faithfulness'),(436,162,3872,'Party In The Burbs'),(437,163,4088,'Compulsory Resurrection'),(438,164,3121,'Lobotomy'),(439,165,3069,'The tears I cried'),(440,166,4079,'Party Til The Cows Come Home'),(441,167,3308,'Don\'t Cry_ Joe'),(443,169,4610,'Big Balls And Cow Town'),(444,170,3621,'Lie Down And Be Counted (2007 Digital Remaster)'),(445,171,4121,'Your Amazing Grace (feat. Raul MidA3n)'),(446,172,4231,'Into A Swan'),(447,173,3531,'To The Stars'),(448,174,4508,'The Joes Mobilize'),(449,175,3329,'I Got To Quit My Baby'),(450,1,3623,'So Unhappy'),(451,2,3708,'San Cristobal'),(452,3,2828,'Kashmiri Love Song'),(453,4,2644,'Marca de Amor NAPSo Sai'),(454,5,4056,'Ammonite'),(455,6,3846,'If I Ruled The World'),(456,7,3689,'The Sweep'),(457,8,8123,'Wake Me Up When September Ends (Live at Foxboro_ MA 9/3/05)'),(458,9,3906,'I Love You'),(459,10,4225,'This Christmas (LP Version)'),(460,11,3665,'Curvy Cola Bottle Body'),(461,12,4351,'VolcA!n'),(462,13,3566,'Alkohol'),(463,14,5052,'Heart it Races (Frank Tetaz Remix)'),(464,15,3721,'Very Well'),(465,16,4594,'Village Attack/ The Arrest'),(466,17,5829,'Lesson Learned'),(467,18,4694,'(I Heard That) Lonesome Whistle'),(468,19,5080,'Here Comes The Hotstepper'),(469,20,4327,'Almost Genuine'),(470,21,3449,'Can\'t Shake That Girl'),(471,22,5831,'What You Deserve (Album Version)'),(472,23,4542,'Es dificil'),(473,24,4711,'The Sweetest Curse'),(474,25,5088,'We\'re Back'),(475,26,4139,'Talk Like POP'),(476,27,4066,'Fuego Caliente'),(477,28,3381,'Un Tipo Como Yo'),(478,29,2338,'The Thrill Is Gone'),(479,30,5864,'Slave To The Wage'),(480,31,7803,'Hit The Lights'),(481,32,4505,'Cancion Para Mi Muerte'),(482,33,1864,'Have You Seen Her'),(483,34,4566,'Don\'t Tell Me'),(484,35,3434,'Karuna'),(485,36,2608,'Lil Mama Getdown'),(486,37,5133,'Closing Scene'),(487,38,5014,'Get It For Free'),(488,39,3681,'Feelings'),(489,40,3349,'If You Love Me'),(490,41,4723,'Still There For Me'),(491,42,3250,'Allein'),(492,43,3983,'Doctor Of Hearts (Album Version)'),(493,44,0,'La Vida En Rosa'),(494,45,3659,'Crying Time'),(495,46,4112,'You Can Always Come Home'),(496,47,3435,'Little Bitty Pretty One'),(497,48,4177,'Shooting Stars'),(498,49,3763,'The Cookie Bakers of the Night'),(499,50,3996,'Whip It'),(500,51,3609,'The Blessing'),(501,52,5103,'Citizen Of The Planet'),(502,53,4813,'Love Me Now (Rockwilder Remix) (Feat. Wyclef And Redman)'),(504,55,3583,'Everyone_ Everywhere_ Everytime'),(505,56,5244,'This Is NOT a Crass Song'),(506,57,3650,'Soul Searcher'),(507,58,5032,'Skeletons (Live Acoustic Version)'),(508,59,2556,'Imagination'),(509,60,4773,'Flashflood'),(510,61,3952,'What To Do Crying Waiting Hoping Learning The Game'),(511,62,2793,'El niA+-o de la calle'),(512,63,5425,'Old Times Sake'),(513,64,3698,'Wasted Love'),(514,65,5830,'Eleanor Put Your Boots On'),(515,66,5358,'Ass Attack (Four Tet Remix)'),(516,67,4375,'Canta Brasil'),(517,68,4221,'Sally In the Garden'),(518,69,6282,'Steamroller Blues'),(519,70,2940,'Heute'),(520,71,5300,'A Day In The Life (Album Version)'),(521,72,3396,'Sous la Tour Eiffel'),(522,73,3642,'Falling Bombs'),(523,74,3367,'Sometimes'),(524,75,2798,'Wa\'ahila (Instrumental - Bonus Track)'),(525,76,3588,'Drive In Saturday - (Tribute to David Bowie)'),(526,77,6845,'My Life Would Suck Without You'),(527,78,3523,'Bed Crumbs'),(528,79,3336,'J\'l\'ai pas dit'),(529,80,3534,'I\'m Just Wonderin\' Part 2'),(530,81,4279,'No More Blues (Chega de Saudade)'),(531,82,2678,'Wave'),(532,83,2695,'What\'d I Say'),(533,84,3976,'Ja (Hanno\'s Poppersmonstermix)'),(534,85,4368,'Time to come true'),(535,86,5516,'Whatever\'s Cool With Me (LP Version)'),(536,87,3362,'Winter (Four Seasons)'),(537,88,3502,'Hallelujah'),(538,89,4533,'Creeper Kamikaze'),(539,90,3281,'Error'),(540,91,3792,'Seuraavassa elA$?mA$?ssA$?'),(541,92,2778,'Fausse monnaie'),(542,93,4098,'Chariots Of Fire'),(543,94,3843,'I Live to Be Hated'),(544,95,0,'Siyabonga (Unreleased Bonus Track)'),(545,96,3421,'The Majesty Of Rock'),(546,97,2940,'Blaue Matrosen (live)'),(547,98,5288,'Strange Thing'),(548,99,4649,'Journey To Love'),(549,100,3057,'Alguna Vez'),(550,101,3244,'Rotting Fumes'),(551,102,4586,'Revelations'),(552,103,6088,'It\'s Not Me'),(553,104,3856,'Ma Rainey\'s Black Bottom'),(554,105,4434,'I Want It'),(555,106,4736,'Story Of An Artist (Don\'t Be Scared)'),(556,107,3428,'Sajana (Ft Faheem Mazhar)'),(557,108,4712,'Segredo'),(558,109,5551,'Murder One'),(559,110,3744,'I Destructor (Lenny Dee Mix)'),(560,111,4206,'No Quieras Marcharte'),(561,112,4214,'D Shuffle Jam (Part 2)'),(562,113,2968,'When I Was A Cowboy (Western Plains) (LP Version)'),(563,114,4303,'On My Feet Again'),(564,115,4067,'If I...'),(565,116,7504,'Bedroom Acoustics'),(566,117,0,'Ju Ju'),(567,118,3957,'Ad Te Clamamus Exsvles Mortva Liberi'),(568,119,5743,'Deep Sea Creature'),(569,120,2913,'Werther - Lyric Drama in four Acts/Act I/Alors_ c\'est bien ici la maison du bailli?'),(570,121,3029,'Theresa'),(571,122,3794,'Danny Boy'),(572,123,2752,'Pak shte te obicham'),(573,124,3721,'Old Broom'),(574,125,3681,'Good Looking Girl Blues'),(575,126,2474,'RAY=skevA$?rsrock'),(576,127,3202,'Cajun Blood'),(577,128,4586,'Jamboree'),(578,129,2680,'Poikamies (2009)'),(579,130,4086,'Til The Victory\'s Won'),(580,131,6837,'Subterranean Homesick Alien'),(581,132,4597,'Tell Me Why'),(582,133,3280,'Lullaby'),(583,134,2662,'Dance_ Gypsy_ Dance'),(584,135,3995,'Love Me'),(585,136,3670,'Good Loving'),(586,137,5088,'Damien'),(587,138,4918,'The President\'s Speech'),(588,139,4594,'Trong Com'),(589,140,3636,'Doble Bombo'),(590,141,2737,'Mudhump'),(591,142,3797,'A Legend In My Time'),(592,143,4176,'Serve The Ego (Hani Num Dub)'),(593,144,3871,'Fall In Love [Rub A Dub Mix]'),(594,145,3461,'Going Home'),(595,146,4794,'Still In Love'),(596,147,5068,'Closed Eyes'),(597,148,4297,'Big Guys Throw Cones'),(598,149,3137,'Railroad Boogie'),(599,150,4279,'Chanson RA(c)aliste'),(600,151,3502,'I\'ve Won (Introduction - Speaking)'),(601,152,3990,'Le gardien de musA(c)e'),(602,153,4398,'Sencillamente'),(603,154,5344,'Poppin\' Them Thangs'),(604,155,5638,'Bury Your Head'),(605,156,5173,'American Journey/IV. Arts and Sports'),(606,157,2564,'Shuncata Penda'),(607,158,3134,'Melodica'),(608,159,0,'Sailing'),(609,160,4051,'Hi Ho Silver'),(610,161,3241,'Slamka Spasa'),(611,162,0,'Kanaka \'o Mose'),(612,163,2744,'Between Eunice & Opelousas'),(613,164,4858,'Monarchy Now'),(614,165,3175,'When Those Two Towers Fell'),(615,166,4362,'Shadow'),(616,167,4578,'Big Business'),(618,169,5292,'I\'m Not Done'),(619,170,2877,'Close Up'),(620,171,3800,'Sittin\' On Top of the Wolrd'),(621,172,3106,'It Must Be'),(622,173,4825,'Bo Diddley'),(623,174,3292,'The Truth'),(624,175,4032,'Teenage Baby (Digitally Remastered)'),(625,1,4176,'Ignis'),(626,2,3442,'So Many Books ... (The Word Album Version)'),(627,3,3162,'What Would You Do'),(628,4,637,'Drummer\'s Circle'),(629,5,3354,'Kong'),(630,6,3018,'Post-Toxic Finger Disorder'),(631,7,3155,'Lotus Kiss'),(632,8,4763,'Intro'),(633,9,2701,'Qui Donc A ChangA(c) ?'),(634,10,4090,'When You\'re Hot_ You\'re Hot'),(635,11,5170,'Church Hangover'),(636,12,3598,'The Ride (Album)'),(637,13,3625,'No Survivors'),(638,14,7352,'I Got Stripes (Live)'),(639,15,3888,'The Contracting Perception Of Consciousness'),(640,16,3555,'Her Golden Robe In Silence Veiled'),(641,17,3604,'Two Little Fishes_ Five Loaves Of Bread'),(642,18,0,'The Greed Of Our Stare'),(643,19,4962,'Same Old Song'),(644,20,4671,'Rockin\' Every Night (Live)'),(645,21,7257,'Walk Away'),(646,22,4126,'Mais La Vie'),(647,23,2881,'Doggin\' Around'),(648,24,3889,'Dem a Talk'),(649,25,0,'Roger Milla (Stadium Mix)'),(650,26,3838,'La sangre de tu tristeza (con Dani Martin_ directo Enjoy 07)'),(651,27,4159,'Everything\'s Gone'),(652,28,4297,'Forever Consumed Oblivion'),(653,29,3280,'McDermott\'s / Boys of Blue Hill'),(654,30,3648,'Irresistible! (Maurel & Fauvrelle LESS Mix)'),(655,31,3851,'Red Balloon'),(656,32,3264,'El Arte De Amar'),(657,33,4714,'Pinini Reggae'),(658,34,4824,'I Won\'t Let You Go Till You Bless My Soul (Album Version)'),(659,35,3794,'Rio Grande Waltz'),(660,36,3367,'Honey I Sugar Pie'),(661,37,3602,'Phylyps Trak II/II'),(662,38,4092,'Stand By Your Man'),(663,39,5313,'Young Blood (2007 Digital Remaster)'),(664,40,4146,'Get Up & Go'),(665,41,2742,'The Trolley Song (Live Album Version)'),(666,42,4098,'Acension Final Chord Rising'),(667,43,2663,'Slimy Little Troll'),(668,44,4942,'Upon The Shores [Explicit]'),(669,45,3472,'De Kommissar 1'),(670,46,5532,'Why Do All Girls Think They\'re Fat (Album)'),(671,47,5148,'Hero In A Dream'),(672,48,0,'Ji Xiang Yan Chu'),(673,49,4487,'Ice Cream Man'),(674,50,4052,'Crawling Up A Hill - version 2 - mono_ live'),(675,51,3475,'A Brazilian in New York'),(676,52,4159,'Mumbo Jumbo (jazz)'),(677,53,2930,'Walk With Me'),(679,55,5769,'Get On Top (Album Version)'),(680,56,4108,'De Bombacha Y Alpargatas'),(681,57,3756,'Moon Going Down'),(682,58,3699,'Raising Children'),(683,59,2328,'No seamos tontos'),(684,60,3198,'My First Day At School'),(685,61,3070,'Do You Ever Think Of Me'),(686,62,3442,'Everything You Touch Is a Song'),(687,63,490,'De Tree Little Pigs'),(688,64,4238,'First Blood'),(689,65,5684,'Mary Jane\'s Last Dance'),(690,66,2899,'Daughter Of Zion'),(691,67,3099,'Ni Gota De Rencor'),(692,68,4179,'Maria'),(693,69,4528,'Come To Find Out'),(694,70,2663,'Sublime EnsoA+-acion'),(695,71,4234,'French Touch'),(696,72,3813,'56 Days'),(697,73,4631,'Victim Of Circumstance'),(698,74,5086,'Airheads'),(699,75,3470,'Bubblegum'),(700,76,2721,'Hungarian Dances_ WoO 1: No. 12 in D Minor: Presto'),(701,77,3545,'Colonel Brown (1999 Digital Remaster)'),(702,78,4508,'Heart Half Empty'),(703,79,2860,'You\'re Welcome To Tonight (Duet w/ Lynn Anderson) (Album Version)'),(704,80,4768,'The Flame'),(705,81,2992,'My Greatest Desire'),(706,82,3438,'Sta giu\' (feat. Dj Rockdrive)'),(707,83,2582,'Eu vi a maquina voadora'),(708,84,3868,'Murderous Style'),(709,85,3522,'I Will Always Love You'),(710,86,4491,'The Truth Forever'),(711,87,4248,'The Tide Is High - Original'),(712,88,6014,'Music Reach (1/2/3/4) (Remastered)'),(713,89,0,'He Put The Hurt On Me'),(714,90,3601,'Be Good To Me'),(715,91,5377,'Answer In The Question'),(716,92,5444,'Slip Out The Back (Album Version)'),(717,93,3212,'Lonesome Road (1995 Digital Remaster)'),(718,94,3545,'Ye That Tempteth_ Ye That Bequeth'),(719,95,3619,'Liquid Frequencies (liquid Soul Mix)'),(720,96,3774,'Banana Man'),(721,97,3730,'El Cara Bonita'),(722,98,6673,'Chocolate'),(723,99,2694,'Anillo de compromiso'),(724,100,5492,'New York (Dave Goodman Demo Version) (Explicit)'),(725,101,3406,'For Your Eyes Only'),(726,102,3905,'Welcome 2 Detroit'),(727,103,7665,'HISTORY'),(728,104,4533,'Motindo Na Yo Te'),(729,105,3850,'A Costa De Galicia'),(730,106,3635,'Enero en la playa (Edit)'),(731,107,4138,'Travel Song (Reprise)'),(732,108,4355,'Midnight In Memphis'),(733,109,2608,'Feelin You'),(734,110,3204,'This Time I Know'),(735,111,3351,'God Will Make A Way'),(736,112,4290,'Don\'t Leave'),(737,113,3042,'O Hiroteros Ehthros Mou'),(738,114,4692,'Spark'),(739,115,3420,'He Jiu Bi Hun'),(740,116,5554,'Destroy Babylon'),(741,117,4074,'Follow Your Dreams (The Plan Album Version)'),(742,118,5244,'Yippiyo-Ay'),(743,119,4412,'Your God Isn\'t Listening'),(744,120,5679,'Talk About Us'),(745,121,4496,'Sosa (Explicit)'),(746,122,3498,'SeA+-ora (bonus track)'),(747,123,4092,'Der Wind Hat Mir Ein Lied ErzA$?hlt (from \"La Habanera\"\")\"'),(748,124,3386,'Gangster Of Love'),(749,125,6055,'FRIENDS IN FALL RIVER  (LP Version)'),(750,126,4962,'Road Warrior\'s Lament'),(751,127,5829,'Brother'),(752,128,3199,'Ascolta mio dio'),(753,129,6398,'Exaltation'),(754,130,2724,'Punchdrunk'),(755,131,2064,'Morena Boca De Ouro'),(756,132,4225,'I Love You More Than You\'ll Ever Know (LP Version)'),(757,133,2629,'RA!pido Nos Vamos'),(758,134,3811,'El Mes Alt'),(759,135,5184,'Two Tickets To Paradise'),(760,136,0,'Nun singet und seid froh'),(761,137,4547,'Shake Some Action'),(762,138,5173,'Smooth Operator'),(763,139,3486,'Red Orange Yellow'),(764,140,2683,'Biloxi'),(765,141,6430,'Sarah Yellin\''),(766,142,3930,'Bullet Frenzy'),(767,143,3858,'Baby You Got What It Takes - Original'),(768,144,4609,'Zalozniy'),(769,145,5504,'Before The Aons Came'),(770,146,3362,'Fernando'),(771,147,5629,'Machine Gun Majesty [Live] (Album Version)'),(772,148,3519,'Sentimentos Desiguais'),(773,149,3743,'Rastafari Prophecy'),(774,150,5422,'Alimony'),(775,151,2913,'Adeste fideles'),(776,152,5165,'Killing'),(777,153,4390,'This This (LP Version)'),(778,154,5516,'On The Brink'),(779,155,4005,'Consuelate Como Yo'),(780,156,6673,'Half The Fun'),(781,157,3069,'Damit Du Dich in mich verliebst'),(782,158,3724,'Drive By Music'),(783,159,3016,'Que Cosas_ Que Cosas'),(784,160,3442,'Ruby D.'),(785,161,2608,'Bounce Back'),(786,162,5443,'Empty Arms'),(787,163,3545,'Hey Joe'),(788,164,2926,'Fall Away Into Darkness'),(789,165,4175,'Neon Rainbow'),(790,166,4162,'Blues'),(791,167,3264,'BrokA?n NA<<edle'),(793,169,4051,'Humppa'),(794,170,4067,'winning friends'),(795,171,4150,'It Has Been A Long Time_ Hasn\'t It'),(796,172,1053,'Glo-Billy-Vee-Vee'),(797,173,4066,'You Are God (Broken Album Version)'),(798,174,3270,'XI GUAN LIANG GE REN'),(799,175,3907,'Crimson And Clover'),(800,1,4121,'Outro Duction'),(801,2,2877,'Barrage'),(802,3,3775,'Adios...Borron Y Cuenta Nueva'),(803,4,3544,'San Xuan'),(804,5,4052,'A Hard Road'),(805,6,3303,'Oh Oh Oh Baby'),(806,7,3059,'Isn\'t That Just Like God (Low Key Performance Track Without Background Vocals)'),(807,8,1912,'Laughed At The Judge'),(808,9,3487,'Mele Wich Ayee (Shaan Remix)'),(809,10,3135,'Christina Christina Blues'),(810,11,3344,'Faithful and True (Collectors Version)'),(811,12,3731,'Le Zoo De Vincennes'),(812,13,4395,'Pass Through My Will'),(813,14,6313,'Don\'t Go Knockin\' On My Door'),(814,15,5290,'Sacrifice for the Slaughtergod'),(815,16,0,'La boA(r)te A  hein biloute'),(816,17,2738,'Si No Te Hubieras Ido'),(817,18,4236,'Cold Blood (LP Version)'),(818,19,4041,'Wanikaa (Featuring Abramz_ Krazy_ Lyrical G_ Saint Ca and Sylvester)'),(819,20,3281,'I Worship You'),(820,21,3891,'Lunes Por La Madrugada'),(821,22,4883,'Jimi Baby'),(822,23,4357,'Full Of Voices'),(823,24,3972,'More Where That Came From - Original'),(824,25,5313,'Fool For Your Loving'),(825,26,4707,'If I Run'),(826,27,4233,'Maybe I\'m Crazy (Single original version_ 2008 Digital Remaster)'),(827,28,3746,'Heart Of The City (Soul and R&B)'),(828,29,3723,'Guardian Angel'),(829,30,3632,'Melodioso'),(830,31,4291,'Hel Vete'),(831,32,3036,'Escuchame'),(832,33,4409,'Sending A Message'),(833,34,4165,'Auf Der Mundharmonika'),(834,35,3406,'Girls Girls'),(835,36,5385,'6 6 6'),(836,37,7881,'Something\'s Missing'),(837,38,3482,'DornrAPschen war ein schAPnes Kind - Karaoke'),(838,39,3746,'Wiggle (Soul and R&B)'),(839,40,0,'Maloba pamba'),(840,41,2924,'Weight Of The World (Album Version)'),(841,42,3681,'Judge Boushay Blues'),(842,43,5338,'Sabotage'),(843,44,4051,'My Heart Went That-A-Way'),(844,45,5604,'The Epi-Pen'),(845,46,2973,'Baat Ban Jaye'),(846,47,3524,'People of cloud nine'),(847,48,3516,'Away In A Manger'),(848,49,5170,'Mas P**\' (America\'S Mexican)'),(849,50,2568,'Shang Zhui Ren'),(850,51,8042,'Loba'),(851,52,4134,'Pacific Coast Remix'),(852,53,3609,'Complainin\''),(854,55,4937,'Big Train'),(855,56,0,'The Prayer - Feat. T.O. & Timberly K. Simmons'),(856,57,5188,'Rock the Spot'),(857,58,4779,'You Say Keep It Gangsta'),(858,59,3852,'Pop A Cap In Yo\' Ass'),(859,60,4586,'Swing Swang'),(860,61,0,'C\'est Dimanche'),(861,62,2727,'Use Me'),(862,63,0,'Gib deinem Herzen ein Zeichen (Radio Mix)'),(863,64,6238,'So. Central Rain (2006 Digital Remaster)'),(864,65,3156,'El Corcovado (The Wood-Quail)'),(865,66,4655,'The Portrait (Live) (Reissue) (Album Version)'),(866,67,3937,'Destination Eschaton (Hardfloor Vocal Mix)'),(867,68,4146,'In De Dance Again'),(868,69,3099,'Aquel Mundo De Amor'),(869,70,4046,'Living Underground'),(870,71,3098,'Chinoiserie'),(871,72,3863,'Perfect Tree'),(872,73,5034,'Careful In Career'),(873,74,3560,'I\'m in Korea'),(874,75,4642,'Oedipus Rex_ Atto Secondo: Divum Jocastae Caput Mortuum (Messaggero_ Coro) (Stravinsky)'),(875,76,9082,'Don\'t Stop The Music'),(876,77,3598,'De pie'),(877,78,4583,'Disease'),(878,79,1933,'Roll Back The Rug'),(879,80,1778,'Money Money Money'),(880,81,3442,'Free (Album Version)'),(881,82,3192,'Jealousy'),(882,83,3965,'Ready To Go'),(883,84,7137,'Mama Kin'),(884,85,5720,'Bust At You [featuring Baby_ Scarface & Tony Sunshine] (edited album version)'),(885,86,3666,'Searching For Home'),(886,87,1199,'Reg mich nicht auf_ Johanna'),(887,88,6637,'The Reason I Go On'),(888,89,3137,'Where Were You Last Night'),(889,90,2955,'A Sempre Assim'),(890,91,5362,'Cicada'),(891,92,7803,'The End Of The Line'),(892,93,5421,'LA River (Acoustic)'),(893,94,3247,'Inner City Blues (Alternate Mix) (Bonus Track)'),(894,95,4182,'Empire Falls'),(895,96,3529,'Right to Work (Live)'),(896,97,4580,'Princess Black'),(897,98,4398,'Bolero Militar'),(898,99,3942,'Rice Dream Girl'),(899,100,0,'No more going home'),(900,101,3798,'Time After Time'),(901,102,4868,'Misty Mountains'),(902,103,4872,'All I Ever Really Wanted'),(903,104,3837,'Brand New Broken Heart'),(904,105,3781,'Te quiero tanto'),(905,106,3765,'Yesterdays'),(906,107,3219,'Mi Sangre Latino'),(907,108,2946,'Vincent'),(908,109,5497,'the fallen...'),(909,110,3968,'The Lifestyle That Got Away'),(910,111,4122,'Get Your Hustle On'),(911,112,4312,'Future Prospects'),(912,113,5685,'Skinhead on the MBTA (Album Version)'),(913,114,3290,'Love Attack'),(914,115,3507,'Above Lucium (LP Version)'),(915,116,5262,'Human Guinea Pig'),(916,117,3952,'Wink Of An Eye'),(917,118,3196,'Awesome God'),(918,119,3863,'Naked'),(919,120,2618,'Le temps des cerises'),(920,121,4592,'Loud And Clear'),(921,122,3730,'J\'veux Du Cuir (Live)'),(922,123,4715,'Freeze'),(923,124,3042,'Alli Mia Fora'),(924,125,3842,'Lydia [Piano Version]'),(925,126,3340,'Dress Me Up'),(926,127,2859,'Wo bleibt die Mark?'),(927,128,4882,'Love Thing'),(928,129,4065,'Bean Fields (Live) (2001 Digital Remaster)'),(929,130,2013,'Sambangole / Tres Golpes Na\' Mas'),(930,131,5769,'Naked In The Rain (Album Version)'),(931,132,0,'Who Are You?'),(932,133,3357,'There Are Things I Think You Should Know'),(933,134,4868,'The One I Got'),(934,135,5153,'Shake'),(935,136,4131,'Triesteitaliana'),(936,137,4387,'Thug Queen'),(937,138,3832,'Give Your Love To Me'),(938,139,3745,'Tides Of Time'),(939,140,5135,'So What!'),(940,141,0,'Kleina Wixa'),(941,142,4792,'Down On The Farm (2006 Remastered Edit Version)'),(942,143,3604,'Two Track Dub (Dub / Instrumental Reggae Music)'),(943,144,3284,'Distancia'),(944,145,0,'Papel Quemado'),(945,146,4671,'Romantic Rights'),(946,147,5508,'If Ever'),(947,148,3904,'Left To Starve'),(948,149,0,'Lekeitio'),(949,150,3236,'The Wedding Samba'),(950,151,4669,'Stairs To the Attic'),(951,152,2913,'Prelude And Fugue In C Major BWV 545 : Prelude'),(952,153,2997,'The Love We Had Version'),(953,154,3930,'Vortex'),(954,155,3872,'Uncle Interlude'),(955,156,3120,'Mon coeur s\'ouvre A  ta voix'),(956,157,7934,'The Dynamo Of Volition [From An All Night Session]'),(957,158,3478,'Gold Und Silber'),(958,159,0,'Triumph / Timour The Tartar / The Left Handed Fiddler / Speed The Plough / De\'il Among The Tailors'),(959,160,2984,'Guidum'),(960,161,3246,'Cavasamba Um (Edit)'),(961,162,3863,'All Kind of People'),(962,163,5080,'Hole In The Pumpkin'),(963,164,4764,'Between Me & You Kid (Album Version)'),(964,165,3339,'The One I\'ve Been Waiting For (Diamond Days Album Version)'),(965,166,4098,'Untitled'),(966,167,4314,'Una na na'),(968,169,3778,'The Ambush'),(969,170,4169,'Play That Beat'),(970,171,490,'Bertie\'s Pets (Bonus Material)'),(971,172,4291,'Marilyn'),(972,173,2401,'Bladecrash Electrocution'),(973,174,3314,'Come Here Feat. Jay Sean'),(974,175,10825,'Through The Wire'),(975,1,2624,'She\'s My Marijuana (LP Version)'),(976,2,3028,'El Aranero'),(977,3,3863,'Mash Up Mi Life'),(978,4,3975,'Old Friends'),(979,5,6012,'South Side Story'),(980,6,4597,'In His Presence (LP Version)'),(981,7,5099,'Space Between Us (Album Version)'),(982,8,4146,'Drifting Away'),(983,9,2999,'Position'),(984,10,3385,'Beyond Forever (2004 Digital Remaster)'),(985,11,4117,'Raga Anandi Kalyan (Alap_ jor and jhala)'),(986,12,3958,'Tetrispack'),(987,13,4487,'Nice \'N\' Easy'),(988,14,4962,'Darby\'s Castle'),(989,15,6182,'Doing Time (Album Version)'),(990,16,0,'Phase (1972)'),(991,17,3258,'Night Train (Album Version)'),(992,18,4467,'Sunny Came Home'),(993,19,5546,'Short On Ideas / One Last Cigarette'),(994,20,5001,'Got It Twisted'),(995,21,4328,'Liverpoolin pokia'),(996,22,4377,'Stand'),(997,23,3434,'Caroline'),(998,24,4790,'Have Thine Own Way Lord'),(999,25,4912,'I\'m The Man (Explicit) (Feat. Jeru The Damaja And Lil Dap)'),(1000,26,2764,'The Door'),(1001,27,3332,'Don\'t Wanna Be Here (Album Version)'),(1002,28,5172,'CNN War Theme'),(1003,29,3863,'Now We Know'),(1004,30,6614,'Heart-Shaped Box'),(1005,31,3668,'Girls Make My Hair Loose'),(1006,32,3815,'Spaced Invader (Ian Pooley Club Mix)'),(1007,33,5432,'Down At The Old Corral (Album Version)'),(1008,34,3225,'Tudo Que VocAa Quiser'),(1009,35,3870,'Tien An Man Dream Again'),(1010,36,3491,'Nasty Little Lonely'),(1011,37,3475,'Tell Me Partner'),(1012,38,2991,'Ma GarASSonniA(c)re'),(1013,39,5364,'Nonfiction'),(1014,40,5344,'Money Make The World Go Around'),(1015,41,5440,'Never Be Ready'),(1016,42,3240,'CoquA'),(1017,43,4216,'Unlove Me'),(1018,44,5244,'If I Know You'),(1019,45,3921,'Smoke Screen'),(1020,46,3735,'Ouverture'),(1021,47,4977,'Up To Zion (High Key-Premiere Performance Plus w/o Background Vocals)'),(1022,48,4411,'River Is Waiting'),(1023,49,4220,'Solid Gold (Evolution Mix) (2005 Digital Remaster)'),(1024,50,3433,'Only One You'),(1025,51,2915,'Little Edith'),(1026,52,5283,'Iron Man'),(1027,53,3774,'Johnny Can\'t Dance'),(1029,55,3700,'Brazil Mon Amour'),(1030,56,8157,'Honey'),(1031,57,4041,'Mad World (Money-G. Remix)'),(1032,58,4668,'Take Your Time feat. Yannick Noah'),(1033,59,4125,'Innizar'),(1034,60,2913,'Toccata Et Fugue En RA(c) Mineur BWV 565'),(1035,61,4561,'Embraceable You (LP Version from \'When The Boys Meet The Girls\')'),(1036,62,3205,'Bass Pro Shop & Wal-Mart'),(1037,63,0,'Penny In My Pocket'),(1038,64,3494,'Nadine'),(1039,65,4090,'Marie\'s Wedding'),(1040,66,3106,'I Love To Tell The Story  (Love To Tell The Story Album Version)'),(1041,67,3005,'L\'ombre d\'une chance'),(1042,68,2168,'Queen Ida Introduction'),(1043,69,4227,'Round Two Wrap-Up'),(1044,70,5362,'Suicidal Dream'),(1045,71,7503,'New York'),(1046,72,5086,'Do It All Over Again'),(1047,73,5292,'She Came Along To Me (LP Version)'),(1048,74,4052,'Extrication Love Song'),(1049,75,4289,'Skincree'),(1050,76,2717,'Dis moi'),(1051,77,3230,'Under World Dub'),(1052,78,3506,'Lil Stuntin'),(1053,79,0,'Diss Location'),(1054,80,8042,'Did It Again (featuring Kid Cudi)'),(1055,81,4668,'Persiana Americana (Live)'),(1056,82,2941,'Recht auf Lungenkrebs'),(1057,83,2564,'Pardesi Pind Wich Ageya'),(1058,84,2671,'Tra-La-La Musette'),(1059,85,3781,'Zeigt her eure FA1/4Ae'),(1060,86,3786,'Past Meets Present'),(1061,87,4742,'Don\'t Bring Flowers'),(1062,88,3139,'KORITSU HOSPITAL'),(1063,89,4590,'Squarebiz'),(1064,90,3722,'Narrative #1'),(1065,91,3528,'Someday (Immune Album Version)'),(1066,92,3424,'Somebody\'s Brother (Somebody\'s Brother Album Version)'),(1067,93,4049,'You Called It Madness [But I Call It Love] [Live At Royal Albert Hall]'),(1068,94,3222,'Drugs'),(1069,95,3937,'Scientas'),(1070,96,3388,'The Painter And The Magician'),(1071,97,3880,'Spanish Harlem'),(1072,98,2877,'Portrait Of Clare (from \'Portrait Of Clare\')'),(1073,99,4794,'The Hammer Song (2010 Digital Remaster)'),(1074,100,1569,'Broadway Star'),(1075,101,5460,'You Need Hands (1993 Digital Remaster)'),(1076,102,4320,'All That You Need'),(1077,103,0,'Hope I\'ll Join That Band'),(1078,104,4101,'Conscience Ah Heng Dem (interlude)'),(1079,105,3606,'Sicilienne'),(1080,106,5986,'Innocence'),(1081,107,0,'Gimme Gimme Song'),(1082,108,4768,'Severed (demo) (Album Version)'),(1083,109,4484,'Abnormal (Acoustic)'),(1084,110,4534,'Redwing'),(1085,111,3069,'Nur eine Nacht mit Dir'),(1086,112,3937,'Heal (The Separation) [H.E.L.P Breakbeat]'),(1087,113,3593,'Worrying Over You'),(1088,114,5303,'Long Summer Days'),(1089,115,0,'Winter Wonderland'),(1090,116,4235,'Luna de miel en Guama'),(1091,117,2795,'Heart Of Dixie'),(1092,118,3724,'Coven In Charing Cross'),(1093,119,0,'Obsidian Sunrise'),(1094,120,4021,'Junco Partner'),(1095,121,0,'To Sinnefo'),(1096,122,1768,'You Are The One'),(1097,123,4009,'Raketen'),(1098,124,6673,'Shut Your Eyes'),(1099,125,3849,'Close To Me'),(1100,126,3825,'Apertura in jazz'),(1101,127,3323,'Maputo'),(1102,128,4695,'Be Healthy'),(1103,129,4176,'Mas Que Nada'),(1104,130,4296,'Water-Liked'),(1105,131,3755,'Alma de B-Boy'),(1106,132,5475,'Jealous Again'),(1107,133,2734,'A Mon Avis'),(1108,134,3243,'Energia'),(1109,135,4398,'Verde Bosque'),(1110,136,3895,'There Alone Go I'),(1111,137,3602,'Put You Back In The Jail'),(1112,138,2900,'The Girl From Ipanema (Garota De Ipanema)'),(1113,139,3862,'Secrets'),(1114,140,3908,'Autumn Leaves (1999 Digital Remaster)'),(1115,141,3411,'She\'s Little And She\'s Low'),(1116,142,7504,'Stockholm Syndrome'),(1117,143,2060,'Maria De Santiago'),(1118,144,3268,'No Consolation'),(1119,145,3530,'Faith Healer (Digital Single)'),(1120,146,4985,'I Heard Her Call My Name'),(1121,147,2951,'Scotch and Soda'),(1122,148,2983,'T.V. & Movies'),(1123,149,2618,'Ying Guang Hu Die'),(1124,150,2550,'On ne meurt qu\'une fois'),(1125,151,0,'All My Loving'),(1126,152,4494,'Therapie'),(1127,153,3701,'Nu Sheng Wo Zui Da (OT:That Thrill)'),(1128,154,3845,'The Loco-Motion'),(1129,155,5034,'Chelsea Girl (Live)'),(1130,156,8289,'Show You How'),(1131,157,5220,'Jetstream - Arthur Baker Remix'),(1132,158,3900,'Child Of The Night'),(1133,159,3681,'Old Hobo'),(1134,160,3386,'I Just Need Your Lovin\' - Original'),(1135,161,3646,'Here Comes Your Iceman (LP Version)'),(1136,162,5080,'Moon Loop (Improvisation)'),(1137,163,3188,'He Has Risen (Communication Album Version)'),(1138,164,3464,'Heidi'),(1139,165,5749,'Space Oddity (1997 Digital Remaster)'),(1140,166,5551,'Fearless [Interlude] (Explicit Album Version)'),(1141,167,4693,'After The Fire'),(1143,169,6107,'Lord Of The Thighs'),(1144,170,4414,'Non Conformist Acclaimed'),(1145,171,0,'El Ventilador'),(1146,172,4074,'Skyswimmer'),(1147,173,4379,'If You Hang Around Long Enough'),(1148,174,4343,'Hotta'),(1149,175,3904,'Bari Bossa'),(1150,1,4437,'Jambalaya (On The Bayou)'),(1151,2,4040,'The Gary Selchie - Solas'),(1152,3,3717,'La valse du mariage'),(1153,4,3533,'Awakening of the Soulless'),(1154,5,4584,'Mistadobalina'),(1155,6,9082,'Good Girl Gone Bad'),(1156,7,6073,'Boys'),(1157,8,6313,'Everytime'),(1158,9,3422,'Dance_ Dance_ Dance  (Album Version)'),(1159,10,4485,'Signs Of Insanity'),(1160,11,3363,'Perdido (1999 Digital Remaster)'),(1161,12,6962,'State Of The Union'),(1162,13,1447,'A Little Bit Of This And A Little Bit Of That'),(1163,14,4901,'Your Head'),(1164,15,1782,'GA(c)raldine'),(1165,16,3774,'Burma Train Change'),(1166,17,3029,'Buy You A Drink'),(1167,18,6278,'With A Little Help From My Friends'),(1168,19,0,'A La Naturaleza'),(1169,20,0,'Dimitroula'),(1170,21,4166,'For Tomorrow (live)'),(1171,22,4307,'Clap Ur Handz'),(1172,23,3740,'Requiem Mass_ K. 626_ 1791: Agnus Dei (Larghetto) (Mozart)'),(1173,24,3745,'Gotta Let It Go'),(1174,25,3386,'Paint It Black'),(1175,26,4382,'The Matter With You (Part I_ Ii_ Iii)'),(1176,27,4038,'Don\'t Owe Me Nothin\''),(1177,28,4497,'Lose Your Money'),(1178,29,353,'Diamonds Are A Girl\'s Best Friend'),(1179,30,3894,'Say How I Feel'),(1180,31,4102,'This Is My Country'),(1181,32,4048,'Cold In Hands Blues'),(1182,33,4515,'Miss X (LP Version)'),(1183,34,4160,'Imparable'),(1184,35,2713,'Les Amours de Nathalie'),(1185,36,3268,'Bucket\'s Got A Hole In It'),(1186,37,3703,'Angels We Have Heard On High (Album Version)'),(1187,38,4092,'Welcome To My World (Live)'),(1188,39,4849,'We Have All The Time In The World (Live)'),(1189,40,3724,'Por La Calle Abajo'),(1190,41,6637,'Un Garcon Pas Comme Les Autres (Ziggy)'),(1191,42,5745,'Happy Valentine\'s Day'),(1192,43,3106,'Just A Closer Walk With Thee'),(1193,44,3650,'Second Hand Life'),(1194,45,4891,'Cherry Pie'),(1195,46,2358,'Hipster Haircut'),(1196,47,3949,'Round and Round'),(1197,48,0,'Up All Night - Remix'),(1198,49,3636,'Werther (1997 Digital Remaster)_ PREMIER ACTE/ACT ONE/ERSTES AKT: Mon AC/me a reconnu votre AC/me(Werther/Charlotte)');
/*!40000 ALTER TABLE `song` ENABLE KEYS */;
UNLOCK TABLES;

--
-- Table structure for table `songinformation`
--

DROP TABLE IF EXISTS `songinformation`;
/*!40101 SET @saved_cs_client     = @@character_set_client */;
 SET character_set_client = utf8mb4 ;
CREATE TABLE `songinformation` (
  `artistID` int(11) NOT NULL,
  `songID` int(11) NOT NULL,
  PRIMARY KEY (`artistID`,`songID`),
  KEY `songID` (`songID`),
  CONSTRAINT `songinformation_ibfk_1` FOREIGN KEY (`songID`) REFERENCES `song` (`songid`) ON UPDATE CASCADE,
  CONSTRAINT `songinformation_ibfk_2` FOREIGN KEY (`artistID`) REFERENCES `artist` (`artistid`) ON UPDATE CASCADE
) ENGINE=InnoDB DEFAULT CHARSET=utf8mb4 COLLATE=utf8mb4_0900_ai_ci;
/*!40101 SET character_set_client = @saved_cs_client */;

--
-- Dumping data for table `songinformation`
--

LOCK TABLES `songinformation` WRITE;
/*!40000 ALTER TABLE `songinformation` DISABLE KEYS */;
INSERT INTO `songinformation` VALUES (1,100),(2,101),(3,102),(4,103),(5,104),(6,105),(7,106),(8,107),(9,108),(10,109),(11,110),(12,111),(13,112),(14,113),(15,114),(16,115),(17,116),(18,117),(19,118),(20,119),(21,120),(22,121),(23,122),(24,123),(25,124),(26,125),(27,126),(28,127),(29,128),(30,129),(31,130),(32,131),(33,132),(34,133),(35,134),(36,135),(37,136),(38,137),(39,138),(40,139),(41,140),(42,141),(43,142),(44,143),(45,144),(46,145),(47,146),(48,147),(49,148),(50,149),(51,150),(52,151),(53,152),(54,153),(55,154),(56,155),(57,156),(58,157),(59,158),(60,159),(61,160),(62,161),(63,162),(64,163),(65,164),(66,165),(67,166),(68,167),(69,168),(70,169),(71,170),(72,171),(73,172),(74,173),(75,174),(76,175),(77,176),(78,177),(79,178),(80,179),(81,180),(82,181),(83,182),(84,183),(85,184),(86,185),(87,186),(88,187),(89,188),(90,189),(91,190),(92,191),(93,192),(94,193),(95,194),(96,195),(97,196),(98,197),(99,198),(100,199),(101,200),(102,201),(103,202),(104,203),(105,204),(106,205),(107,206),(108,207),(109,208),(110,209),(111,210),(112,211),(113,212),(114,213),(115,214),(116,215),(117,216),(118,217),(119,218),(120,219),(121,220),(122,221),(123,222),(124,223),(125,224),(126,225),(127,226),(128,227),(129,228),(130,229),(131,230),(132,231),(133,232),(134,233),(135,234),(136,235),(137,236),(138,237),(139,238),(140,239),(141,240),(142,241),(143,242),(144,243),(145,244),(146,245),(147,246),(148,247),(149,248),(150,249),(151,250),(152,251),(153,252),(154,253),(155,254),(156,255),(157,256),(158,257),(159,258),(160,259),(161,260),(162,261),(163,262),(164,263),(165,264),(166,265),(167,266),(168,267),(169,268),(170,269),(171,270),(172,271),(173,272),(174,273),(175,274),(176,275),(177,276),(178,277),(179,278),(180,279),(181,280),(182,281),(183,282),(184,283),(185,284),(186,285),(187,286),(188,287),(189,288),(190,289),(191,290),(192,291),(193,292),(194,293),(195,294),(196,295),(197,296),(198,297),(199,298),(200,299),(201,300),(202,301),(203,302),(204,303),(205,304),(206,305),(207,306),(208,307),(209,308),(210,309),(211,310),(212,311),(213,312),(214,313),(215,314),(216,315),(217,316),(218,317),(219,318),(220,319),(221,320),(222,321),(223,322),(224,323),(225,324),(226,325),(227,326),(228,327),(229,328),(230,329),(231,330),(232,331),(233,332),(234,333),(235,334),(236,335),(237,336),(238,337),(239,338),(240,339),(241,340),(242,341),(243,342),(244,343),(245,344),(246,345),(247,346),(248,347),(249,348),(250,349),(251,350),(252,351),(253,352),(254,353),(255,354),(256,355),(257,356),(258,357),(259,358),(260,359),(261,360),(262,361),(263,362),(264,363),(265,364),(266,365),(267,366),(268,367),(269,368),(270,369),(271,370),(272,371),(273,372),(274,373),(275,374),(276,375),(277,376),(278,377),(279,378),(280,379),(281,380),(282,381),(283,382),(284,383),(285,384),(286,385),(287,386),(288,387),(289,388),(290,389),(291,390),(292,391),(293,392),(294,393),(295,394),(296,395),(297,396),(298,397),(299,398),(300,399),(301,400),(302,401),(303,402),(304,403),(305,404),(306,405),(307,406),(308,407),(309,408),(310,409),(311,410),(312,411),(313,412),(314,413),(315,414),(316,415),(317,416),(318,417),(319,418),(320,419),(321,420),(322,421),(323,422),(324,423),(325,424),(326,425),(327,426),(328,427),(329,428),(330,429),(331,430),(332,431),(333,432),(334,433),(335,434),(336,435),(337,436),(338,437),(339,438),(340,439),(341,440),(342,441),(343,442),(344,443),(345,444),(346,445),(347,446),(348,447),(349,448),(350,449),(351,450),(352,451),(353,452),(354,453),(355,454),(356,455),(357,456),(358,457),(359,458),(360,459),(361,460),(362,461),(363,462),(364,463),(365,464),(366,465),(367,466),(368,467),(369,468),(370,469),(371,470),(372,471),(373,472),(374,473),(375,474),(376,475),(377,476),(378,477),(379,478),(380,479),(381,480),(382,481),(383,482),(384,483),(385,484),(386,485),(387,486),(388,487),(389,488),(390,489),(391,490),(392,491),(393,492),(394,493),(395,494),(396,495),(397,496),(398,497),(399,498),(400,499),(401,500),(402,501),(403,502),(404,503),(405,504),(406,505),(407,506),(408,507),(409,508),(410,509),(411,510),(412,511),(413,512),(414,513),(415,514),(416,515),(417,516),(418,517),(419,518),(420,519),(421,520),(422,521),(423,522),(424,523),(425,524),(426,525),(427,526),(428,527),(429,528),(430,529),(431,530),(432,531),(433,532),(434,533),(435,534),(436,535),(437,536),(438,537),(439,538),(440,539),(441,540),(442,541),(443,542),(444,543),(445,544),(446,545),(447,546),(448,547),(449,548),(450,549),(451,550),(452,551),(453,552),(454,553),(455,554),(456,555),(457,556),(458,557),(459,558),(460,559),(461,560),(462,561),(463,562),(464,563),(465,564),(466,565),(467,566),(468,567),(469,568),(470,569),(471,570),(472,571),(473,572),(474,573),(475,574),(476,575),(477,576),(478,577),(479,578),(480,579),(481,580),(482,581),(483,582),(484,583),(485,584),(486,585),(487,586),(488,587),(489,588),(490,589),(491,590),(492,591),(493,592),(494,593),(495,594),(496,595),(497,596),(498,597),(499,598),(500,599),(501,600),(502,601),(503,602),(504,603),(505,604),(506,605),(507,606),(508,607),(509,608),(510,609),(511,610),(512,611),(513,612),(514,613),(515,614),(516,615),(517,616),(518,617),(519,618),(520,619),(521,620),(522,621),(523,622),(524,623),(525,624),(526,625),(527,626),(528,627),(529,628),(530,629),(531,630),(532,631),(533,632),(534,633),(535,634),(536,635),(537,636),(538,637),(539,638),(540,639),(541,640),(542,641),(543,642),(544,643),(545,644),(546,645),(547,646),(548,647),(549,648),(550,649),(551,650),(552,651),(553,652),(554,653),(555,654),(556,655),(557,656),(558,657),(559,658),(560,659),(561,660),(562,661),(563,662),(564,663),(565,664),(566,665),(567,666),(568,667),(569,668),(570,669),(571,670),(572,671),(573,672),(574,673),(575,674),(576,675),(577,676),(578,677),(579,678),(580,679),(581,680),(582,681),(583,682),(584,683),(585,684),(586,685),(587,686),(588,687),(589,688),(590,689),(591,690),(592,691),(593,692),(594,693),(595,694),(596,695),(597,696),(598,697),(599,698),(600,699),(601,700),(602,701),(603,702),(604,703),(605,704),(606,705),(607,706),(608,707),(609,708),(610,709),(611,710),(612,711),(613,712),(614,713),(615,714),(616,715),(617,716),(618,717),(619,718),(620,719),(621,720),(622,721),(623,722),(624,723),(625,724),(626,725),(627,726),(628,727),(629,728),(630,729),(631,730),(632,731),(633,732),(634,733),(635,734),(636,735),(637,736),(638,737),(639,738),(640,739),(641,740),(642,741),(643,742),(644,743),(645,744),(646,745),(647,746),(648,747),(649,748),(650,749),(651,750),(652,751),(653,752),(654,753),(655,754),(656,755),(657,756),(658,757),(659,758),(660,759),(661,760),(662,761),(663,762),(664,763),(665,764),(666,765),(667,766),(668,767),(669,768),(670,769),(671,770),(672,771),(673,772),(674,773),(675,774),(676,775),(677,776),(678,777),(679,778),(680,779),(681,780),(682,781),(683,782),(684,783),(685,784),(686,785),(687,786),(688,787),(689,788),(690,789),(691,790),(692,791),(693,792),(694,793),(695,794),(696,795),(697,796),(698,797),(699,798),(700,799),(701,800),(702,801),(703,802),(704,803),(705,804),(706,805),(707,806),(708,807),(709,808),(710,809),(711,810),(712,811),(713,812),(714,813),(715,814),(716,815),(717,816),(718,817),(719,818),(720,819),(721,820),(722,821),(723,822),(724,823),(725,824),(726,825),(727,826),(728,827),(729,828),(730,829),(731,830),(732,831),(733,832),(734,833),(735,834),(736,835),(737,836),(738,837),(739,838),(740,839),(741,840),(742,841),(743,842),(744,843),(745,844),(746,845),(747,846),(748,847),(749,848),(750,849),(751,850),(752,851),(753,852),(754,853),(755,854),(756,855),(757,856),(758,857),(759,858),(760,859),(761,860),(762,861),(763,862),(764,863),(765,864),(766,865),(767,866),(768,867),(769,868),(770,869),(771,870),(772,871),(773,872),(774,873),(775,874),(776,875),(777,876),(778,877),(779,878),(780,879),(781,880),(782,881),(783,882),(784,883),(785,884),(786,885),(787,886),(788,887),(789,888),(790,889),(791,890),(792,891),(793,892),(794,893),(795,894),(796,895),(797,896),(798,897),(799,898),(800,899),(801,900),(802,901),(803,902),(804,903),(805,904),(806,905),(807,906),(808,907),(809,908),(810,909),(811,910),(812,911),(813,912),(814,913),(815,914),(816,915),(817,916),(818,917),(819,918),(820,919),(821,920),(822,921),(823,922),(824,923),(825,924),(826,925),(827,926),(828,927),(829,928),(830,929),(831,930),(832,931),(833,932),(834,933),(835,934),(836,935),(837,936),(838,937),(839,938),(840,939),(841,940),(842,941),(843,942),(844,943),(845,944),(846,945),(847,946),(848,947),(849,948),(850,949),(851,950),(852,951),(853,952),(854,953),(855,954),(856,955),(857,956),(858,957),(859,958),(860,959),(861,960),(862,961),(863,962),(864,963),(865,964),(866,965),(867,966),(868,967),(869,968),(870,969),(871,970),(872,971),(873,972),(874,973),(875,974),(876,975),(877,976),(878,977),(879,978),(880,979),(881,980),(882,981),(883,982),(884,983),(885,984),(886,985),(887,986),(888,987),(889,988),(890,989),(891,990),(892,991),(893,992),(894,993),(895,994),(896,995),(897,996),(898,997),(899,998),(900,999),(901,1000),(902,1001),(903,1002),(904,1003),(905,1004),(906,1005),(907,1006),(908,1007),(909,1008),(910,1009),(911,1010),(912,1011),(913,1012),(914,1013),(915,1014),(916,1015),(917,1016),(918,1017),(919,1018),(920,1019),(921,1020),(922,1021),(923,1022),(924,1023),(925,1024),(926,1025),(927,1026),(928,1027),(929,1028),(930,1029),(931,1030),(932,1031),(933,1032),(934,1033),(935,1034),(936,1035),(937,1036),(938,1037),(939,1038),(940,1039),(941,1040),(942,1041),(943,1042),(944,1043),(945,1044),(946,1045),(947,1046),(948,1047),(949,1048),(950,1049),(951,1050),(952,1051),(953,1052),(954,1053),(955,1054),(956,1055),(957,1056),(958,1057),(959,1058),(960,1059),(961,1060),(962,1061),(963,1062),(964,1063),(965,1064),(966,1065),(967,1066),(968,1067),(969,1068),(970,1069),(971,1070),(972,1071),(973,1072),(974,1073),(975,1074),(976,1075),(977,1076),(978,1077),(979,1078),(980,1079),(981,1080),(982,1081),(983,1082),(984,1083),(985,1084),(986,1085),(987,1086),(988,1087),(989,1088),(990,1089),(991,1090),(992,1091),(993,1092),(994,1093),(995,1094),(996,1095),(997,1096),(998,1097),(999,1098),(1000,1099),(1001,1100),(1002,1101),(1003,1102),(1004,1103),(1005,1104),(1006,1105),(1007,1106),(1008,1107),(1009,1108),(1010,1109),(1011,1110),(1012,1111),(1013,1112),(1014,1113),(1015,1114),(1016,1115),(1017,1116),(1018,1117),(1019,1118),(1020,1119),(1021,1120),(1022,1121),(1023,1122),(1024,1123),(1025,1124),(1026,1125),(1027,1126),(1028,1127),(1029,1128),(1030,1129),(1031,1130),(1032,1131),(1033,1132),(1034,1133),(1035,1134),(1036,1135),(1037,1136),(1038,1137),(1039,1138),(1040,1139),(1041,1140),(1042,1141),(1043,1142),(1044,1143),(1045,1144),(1046,1145),(1047,1146),(1048,1147),(1049,1148),(1050,1149),(1051,1150),(1052,1151),(1053,1152),(1054,1153),(1055,1154),(1056,1155),(1057,1156),(1058,1157),(1059,1158),(1060,1159),(1061,1160),(1062,1161),(1063,1162),(1064,1163),(1065,1164),(1066,1165),(1067,1166),(1068,1167),(1069,1168),(1070,1169),(1071,1170),(1072,1171),(1073,1172),(1074,1173),(1075,1174),(1076,1175),(1077,1176),(1078,1177),(1079,1178),(1080,1179),(1081,1180),(1082,1181),(1083,1182),(1084,1183),(1085,1184),(1086,1185),(1087,1186),(1088,1187),(1089,1188),(1090,1189),(1091,1190),(1092,1191),(1093,1192),(1094,1193),(1095,1194),(1096,1195),(1097,1196),(1098,1197),(1099,1198);
/*!40000 ALTER TABLE `songinformation` ENABLE KEYS */;
UNLOCK TABLES;

--
-- Table structure for table `trace`
--

DROP TABLE IF EXISTS `trace`;
/*!40101 SET @saved_cs_client     = @@character_set_client */;
 SET character_set_client = utf8mb4 ;
CREATE TABLE `trace` (
  `traceID` int(11) NOT NULL AUTO_INCREMENT,
  `tracetime` timestamp NOT NULL,
  `userID` int(11) NOT NULL,
  `songID` int(11) NOT NULL,
  `albumID` int(11) NOT NULL,
  PRIMARY KEY (`traceID`),
  UNIQUE KEY `traceID` (`traceID`),
  KEY `userID` (`userID`),
  KEY `albumID` (`albumID`),
  KEY `songID` (`songID`),
  CONSTRAINT `trace_ibfk_1` FOREIGN KEY (`userID`) REFERENCES `users` (`userid`) ON UPDATE CASCADE,
  CONSTRAINT `trace_ibfk_2` FOREIGN KEY (`albumID`) REFERENCES `album` (`albumid`) ON UPDATE CASCADE,
  CONSTRAINT `trace_ibfk_3` FOREIGN KEY (`songID`) REFERENCES `song` (`songid`) ON UPDATE CASCADE
) ENGINE=InnoDB DEFAULT CHARSET=utf8mb4 COLLATE=utf8mb4_0900_ai_ci;
/*!40101 SET character_set_client = @saved_cs_client */;

--
-- Dumping data for table `trace`
--

LOCK TABLES `trace` WRITE;
/*!40000 ALTER TABLE `trace` DISABLE KEYS */;
/*!40000 ALTER TABLE `trace` ENABLE KEYS */;
UNLOCK TABLES;

--
-- Table structure for table `users`
--

DROP TABLE IF EXISTS `users`;
/*!40101 SET @saved_cs_client     = @@character_set_client */;
 SET character_set_client = utf8mb4 ;
CREATE TABLE `users` (
  `userID` int(11) NOT NULL AUTO_INCREMENT,
  `password` varchar(255) NOT NULL,
  `email` varchar(255) NOT NULL,
  PRIMARY KEY (`userID`),
  UNIQUE KEY `userID` (`userID`)
) ENGINE=InnoDB AUTO_INCREMENT=12346 DEFAULT CHARSET=utf8mb4 COLLATE=utf8mb4_0900_ai_ci;
/*!40101 SET character_set_client = @saved_cs_client */;

--
-- Dumping data for table `users`
--

LOCK TABLES `users` WRITE;
/*!40000 ALTER TABLE `users` DISABLE KEYS */;
INSERT INTO `users` VALUES (10001,'test1',' test1@yahoo.com'),(12345,'hello123','hello123@gmial.com');
/*!40000 ALTER TABLE `users` ENABLE KEYS */;
UNLOCK TABLES;

--
-- Final view structure for view `findkanye`
--

/*!50001 DROP VIEW IF EXISTS `findkanye`*/;
/*!50001 SET @saved_cs_client          = @@character_set_client */;
/*!50001 SET @saved_cs_results         = @@character_set_results */;
/*!50001 SET @saved_col_connection     = @@collation_connection */;
/*!50001 SET character_set_client      = utf8mb4 */;
/*!50001 SET character_set_results     = utf8mb4 */;
/*!50001 SET collation_connection      = utf8mb4_0900_ai_ci */;
/*!50001 CREATE ALGORITHM=UNDEFINED */
/*!50013 DEFINER=`root`@`localhost` SQL SECURITY DEFINER */
/*!50001 VIEW `findkanye` AS select `s`.`hitCounter` AS `hitCounter`,`s`.`songID` AS `songID`,`s`.`songName` AS `songName`,`a`.`date` AS `date`,`a`.`albumName` AS `albumName`,`a`.`genre` AS `genre` from (`song` `s` join `album` `a` on((`s`.`albumID` = `a`.`albumID`))) where ((`s`.`hitCounter` > 8000) and (`a`.`albumName` = 'Yeezus')) */;
/*!50001 SET character_set_client      = @saved_cs_client */;
/*!50001 SET character_set_results     = @saved_cs_results */;
/*!50001 SET collation_connection      = @saved_col_connection */;

--
-- Final view structure for view `findnewalbums`
--

/*!50001 DROP VIEW IF EXISTS `findnewalbums`*/;
/*!50001 SET @saved_cs_client          = @@character_set_client */;
/*!50001 SET @saved_cs_results         = @@character_set_results */;
/*!50001 SET @saved_col_connection     = @@collation_connection */;
/*!50001 SET character_set_client      = utf8mb4 */;
/*!50001 SET character_set_results     = utf8mb4 */;
/*!50001 SET collation_connection      = utf8mb4_0900_ai_ci */;
/*!50001 CREATE ALGORITHM=UNDEFINED */
/*!50013 DEFINER=`root`@`localhost` SQL SECURITY DEFINER */
/*!50001 VIEW `findnewalbums` AS select `album`.`albumID` AS `albumID`,`album`.`date` AS `date`,`album`.`albumCover` AS `albumCover`,`album`.`albumName` AS `albumName`,`album`.`genre` AS `genre` from `album` where ((year(`album`.`date`) > 2017) and (year(`album`.`date`) < 2019)) */;
/*!50001 SET character_set_client      = @saved_cs_client */;
/*!50001 SET character_set_results     = @saved_cs_results */;
/*!50001 SET collation_connection      = @saved_col_connection */;

--
-- Final view structure for view `oldartists`
--

/*!50001 DROP VIEW IF EXISTS `oldartists`*/;
/*!50001 SET @saved_cs_client          = @@character_set_client */;
/*!50001 SET @saved_cs_results         = @@character_set_results */;
/*!50001 SET @saved_col_connection     = @@collation_connection */;
/*!50001 SET character_set_client      = utf8mb4 */;
/*!50001 SET character_set_results     = utf8mb4 */;
/*!50001 SET collation_connection      = utf8mb4_0900_ai_ci */;
/*!50001 CREATE ALGORITHM=UNDEFINED */
/*!50013 DEFINER=`root`@`localhost` SQL SECURITY DEFINER */
/*!50001 VIEW `oldartists` AS select `a`.`artistName` AS `artistName`,`alb`.`date` AS `date` from (((`artist` `a` join `songinformation` `si` on((`a`.`artistID` = `si`.`artistID`))) join `song` `s` on((`si`.`songID` = `s`.`songID`))) join `album` `alb` on((`s`.`albumID` = `alb`.`albumID`))) where (year(`alb`.`date`) = 1995) */;
/*!50001 SET character_set_client      = @saved_cs_client */;
/*!50001 SET character_set_results     = @saved_cs_results */;
/*!50001 SET collation_connection      = @saved_col_connection */;
/*!40103 SET TIME_ZONE=@OLD_TIME_ZONE */;

/*!40101 SET SQL_MODE=@OLD_SQL_MODE */;
/*!40014 SET FOREIGN_KEY_CHECKS=@OLD_FOREIGN_KEY_CHECKS */;
/*!40014 SET UNIQUE_CHECKS=@OLD_UNIQUE_CHECKS */;
/*!40101 SET CHARACTER_SET_CLIENT=@OLD_CHARACTER_SET_CLIENT */;
/*!40101 SET CHARACTER_SET_RESULTS=@OLD_CHARACTER_SET_RESULTS */;
/*!40101 SET COLLATION_CONNECTION=@OLD_COLLATION_CONNECTION */;
/*!40111 SET SQL_NOTES=@OLD_SQL_NOTES */;

-- Dump completed on 2018-11-24 13:55:07
